This is XeTeX, Version 3.141592653-2.6-0.999998 (TeX Live 2026) (preloaded format=xelatex 2026.4.27)  27 APR 2026 11:05
entering extended mode
 restricted \write18 enabled.
 %&-line parsing enabled.
**_main.tex
(./_main.tex
LaTeX2e <2025-11-01>
L3 programming layer <2026-03-20>
(c:/Users/James-A/AppData/Roaming/TinyTeX/texmf-dist/tex/latex/base/book.cls
Document Class: book 2025/01/22 v1.4n Standard LaTeX document class
(c:/Users/James-A/AppData/Roaming/TinyTeX/texmf-dist/tex/latex/base/bk11.clo
File: bk11.clo 2025/01/22 v1.4n Standard LaTeX file (size option)
)
\c@part=\count271
\c@chapter=\count272
\c@section=\count273
\c@subsection=\count274
\c@subsubsection=\count275
\c@paragraph=\count276
\c@subparagraph=\count277
\c@figure=\count278
\c@table=\count279
\abovecaptionskip=\skip49
\belowcaptionskip=\skip50
\bibindent=\dimen150
) (c:/Users/James-A/AppData/Roaming/TinyTeX/texmf-dist/tex/latex/xcolor/xcolor.sty
Package: xcolor 2024/09/29 v3.02 LaTeX color extensions (UK)
(c:/Users/James-A/AppData/Roaming/TinyTeX/texmf-dist/tex/latex/graphics-cfg/color.cfg
File: color.cfg 2016/01/02 v1.6 sample color configuration
)
Package xcolor Info: Driver file: xetex.def on input line 274.
(c:/Users/James-A/AppData/Roaming/TinyTeX/texmf-dist/tex/latex/graphics-def/xetex.def
File: xetex.def 2025/11/01 v5.0p Graphics/color driver for xetex
) (c:/Users/James-A/AppData/Roaming/TinyTeX/texmf-dist/tex/latex/graphics/mathcolor.ltx)
Package xcolor Info: Model `cmy' substituted by `cmy0' on input line 1349.
Package xcolor Info: Model `RGB' extended on input line 1365.
Package xcolor Info: Model `HTML' substituted by `rgb' on input line 1367.
Package xcolor Info: Model `Hsb' substituted by `hsb' on input line 1368.
Package xcolor Info: Model `tHsb' substituted by `hsb' on input line 1369.
Package xcolor Info: Model `HSB' substituted by `hsb' on input line 1370.
Package xcolor Info: Model `Gray' substituted by `gray' on input line 1371.
Package xcolor Info: Model `wave' substituted by `hsb' on input line 1372.
) (c:/Users/James-A/AppData/Roaming/TinyTeX/texmf-dist/tex/latex/amsmath/amsmath.sty
Package: amsmath 2025/07/09 v2.17z AMS math features
\@mathmargin=\skip51
For additional information on amsmath, use the `?' option.
(c:/Users/James-A/AppData/Roaming/TinyTeX/texmf-dist/tex/latex/amsmath/amstext.sty
Package: amstext 2024/11/17 v2.01 AMS text
(c:/Users/James-A/AppData/Roaming/TinyTeX/texmf-dist/tex/latex/amsmath/amsgen.sty
File: amsgen.sty 1999/11/30 v2.0 generic functions
\@emptytoks=\toks17
\ex@=\dimen151
)) (c:/Users/James-A/AppData/Roaming/TinyTeX/texmf-dist/tex/latex/amsmath/amsbsy.sty
Package: amsbsy 1999/11/29 v1.2d Bold Symbols
\pmbraise@=\dimen152
) (c:/Users/James-A/AppData/Roaming/TinyTeX/texmf-dist/tex/latex/amsmath/amsopn.sty
Package: amsopn 2022/04/08 v2.04 operator names
)
\inf@bad=\count280
LaTeX Info: Redefining \frac on input line 233.
\uproot@=\count281
\leftroot@=\count282
LaTeX Info: Redefining \overline on input line 398.
LaTeX Info: Redefining \colon on input line 409.
\classnum@=\count283
\DOTSCASE@=\count284
LaTeX Info: Redefining \ldots on input line 495.
LaTeX Info: Redefining \dots on input line 498.
LaTeX Info: Redefining \cdots on input line 619.
\Mathstrutbox@=\box53
\strutbox@=\box54
LaTeX Info: Redefining \big on input line 721.
LaTeX Info: Redefining \Big on input line 722.
LaTeX Info: Redefining \bigg on input line 723.
LaTeX Info: Redefining \Bigg on input line 724.
\big@size=\dimen153
LaTeX Font Info:    Redeclaring font encoding OML on input line 742.
LaTeX Font Info:    Redeclaring font encoding OMS on input line 743.
\macc@depth=\count285
LaTeX Info: Redefining \bmod on input line 904.
LaTeX Info: Redefining \pmod on input line 909.
LaTeX Info: Redefining \smash on input line 939.
LaTeX Info: Redefining \relbar on input line 969.
LaTeX Info: Redefining \Relbar on input line 970.
\c@MaxMatrixCols=\count286
\dotsspace@=\muskip17
\c@parentequation=\count287
\dspbrk@lvl=\count288
\tag@help=\toks18
\row@=\count289
\column@=\count290
\maxfields@=\count291
\andhelp@=\toks19
\eqnshift@=\dimen154
\alignsep@=\dimen155
\tagshift@=\dimen156
\tagwidth@=\dimen157
\totwidth@=\dimen158
\lineht@=\dimen159
\@envbody=\toks20
\multlinegap=\skip52
\multlinetaggap=\skip53
\mathdisplay@stack=\toks21
LaTeX Info: Redefining \[ on input line 2950.
LaTeX Info: Redefining \] on input line 2951.
) (c:/Users/James-A/AppData/Roaming/TinyTeX/texmf-dist/tex/latex/amsfonts/amssymb.sty
Package: amssymb 2013/01/14 v3.01 AMS font symbols
(c:/Users/James-A/AppData/Roaming/TinyTeX/texmf-dist/tex/latex/amsfonts/amsfonts.sty
Package: amsfonts 2013/01/14 v3.01 Basic AMSFonts support
\symAMSa=\mathgroup4
\symAMSb=\mathgroup5
LaTeX Font Info:    Redeclaring math symbol \hbar on input line 98.
LaTeX Font Info:    Overwriting math alphabet `\mathfrak' in version `bold'
(Font)                  U/euf/m/n --> U/euf/b/n on input line 106.
)) (c:/Users/James-A/AppData/Roaming/TinyTeX/texmf-dist/tex/generic/iftex/iftex.sty
Package: iftex 2024/12/12 v1.0g TeX engine tests
) (c:/Users/James-A/AppData/Roaming/TinyTeX/texmf-dist/tex/latex/unicode-math/unicode-math.sty (c:/Users/James-A/AppData/Roaming/TinyTeX/texmf-dist/tex/latex/l3kernel/expl3.sty
Package: expl3 2026-03-20 L3 programming layer (loader) 
(c:/Users/James-A/AppData/Roaming/TinyTeX/texmf-dist/tex/latex/l3backend/l3backend-xetex.def
File: l3backend-xetex.def 2026-02-18 L3 backend support: XeTeX
\g__graphics_track_int=\count292
\g__pdfannot_backend_int=\count293
\g__pdfannot_backend_link_int=\count294
))
Package: unicode-math 2023/08/13 v0.8r Unicode maths in XeLaTeX and LuaLaTeX
(c:/Users/James-A/AppData/Roaming/TinyTeX/texmf-dist/tex/latex/unicode-math/unicode-math-xetex.sty
Package: unicode-math-xetex 2023/08/13 v0.8r Unicode maths in XeLaTeX and LuaLaTeX
(c:/Users/James-A/AppData/Roaming/TinyTeX/texmf-dist/tex/latex/l3packages/xparse/xparse.sty
Package: xparse 2025-10-09 L3 Experimental document command parser
) (c:/Users/James-A/AppData/Roaming/TinyTeX/texmf-dist/tex/latex/l3packages/l3keys2e/l3keys2e.sty
Package: l3keys2e 2025-10-09 LaTeX2e option processing using LaTeX3 keys
) (c:/Users/James-A/AppData/Roaming/TinyTeX/texmf-dist/tex/latex/fontspec/fontspec.sty
Package: fontspec 2025/09/29 v2.9g Font selection for XeLaTeX and LuaLaTeX
(c:/Users/James-A/AppData/Roaming/TinyTeX/texmf-dist/tex/latex/fontspec/fontspec-xetex.sty
Package: fontspec-xetex 2025/09/29 v2.9g Font selection for XeLaTeX and LuaLaTeX
\l__fontspec_script_int=\count295
\l__fontspec_language_int=\count296
\l__fontspec_strnum_int=\count297
\l__fontspec_tmp_int=\count298
\l__fontspec_tmpa_int=\count299
\l__fontspec_tmpb_int=\count300
\l__fontspec_tmpc_int=\count301
\l__fontspec_em_int=\count302
\l__fontspec_emdef_int=\count303
\l__fontspec_strong_int=\count304
\l__fontspec_strongdef_int=\count305
\l__fontspec_tmpa_dim=\dimen160
\l__fontspec_tmpb_dim=\dimen161
\l__fontspec_tmpc_dim=\dimen162
(c:/Users/James-A/AppData/Roaming/TinyTeX/texmf-dist/tex/latex/base/fontenc.sty
Package: fontenc 2025/07/18 v2.1d Standard LaTeX package
) (c:/Users/James-A/AppData/Roaming/TinyTeX/texmf-dist/tex/latex/fontspec/fontspec.cfg))) (c:/Users/James-A/AppData/Roaming/TinyTeX/texmf-dist/tex/latex/base/fix-cm.sty
Package: fix-cm 2020/11/24 v1.1t fixes to LaTeX
(c:/Users/James-A/AppData/Roaming/TinyTeX/texmf-dist/tex/latex/base/ts1enc.def
File: ts1enc.def 2001/06/05 v3.0e (jk/car/fm) Standard LaTeX file
LaTeX Font Info:    Redeclaring font encoding TS1 on input line 47.
LaTeX Encoding Info:    Redeclaring text command \capitalcedilla (encoding TS1) on input line 49.
LaTeX Encoding Info:    Redeclaring text command \capitalogonek (encoding TS1) on input line 52.
LaTeX Encoding Info:    Redeclaring text command \capitalgrave (encoding TS1) on input line 55.
LaTeX Encoding Info:    Redeclaring text command \capitalacute (encoding TS1) on input line 56.
LaTeX Encoding Info:    Redeclaring text command \capitalcircumflex (encoding TS1) on input line 57.
LaTeX Encoding Info:    Redeclaring text command \capitaltilde (encoding TS1) on input line 58.
LaTeX Encoding Info:    Redeclaring text command \capitaldieresis (encoding TS1) on input line 59.
LaTeX Encoding Info:    Redeclaring text command \capitalhungarumlaut (encoding TS1) on input line 60.
LaTeX Encoding Info:    Redeclaring text command \capitalring (encoding TS1) on input line 61.
LaTeX Encoding Info:    Redeclaring text command \capitalcaron (encoding TS1) on input line 62.
LaTeX Encoding Info:    Redeclaring text command \capitalbreve (encoding TS1) on input line 63.
LaTeX Encoding Info:    Redeclaring text command \capitalmacron (encoding TS1) on input line 64.
LaTeX Encoding Info:    Redeclaring text command \capitaldotaccent (encoding TS1) on input line 65.
LaTeX Encoding Info:    Redeclaring text command \t (encoding TS1) on input line 66.
LaTeX Encoding Info:    Redeclaring text command \capitaltie (encoding TS1) on input line 67.
LaTeX Encoding Info:    Redeclaring text command \newtie (encoding TS1) on input line 68.
LaTeX Encoding Info:    Redeclaring text command \capitalnewtie (encoding TS1) on input line 69.
LaTeX Encoding Info:    Redeclaring text symbol \textcapitalcompwordmark (encoding TS1) on input line 70.
LaTeX Encoding Info:    Redeclaring text symbol \textascendercompwordmark (encoding TS1) on input line 71.
LaTeX Encoding Info:    Redeclaring text symbol \textquotestraightbase (encoding TS1) on input line 72.
LaTeX Encoding Info:    Redeclaring text symbol \textquotestraightdblbase (encoding TS1) on input line 73.
LaTeX Encoding Info:    Redeclaring text symbol \texttwelveudash (encoding TS1) on input line 74.
LaTeX Encoding Info:    Redeclaring text symbol \textthreequartersemdash (encoding TS1) on input line 75.
LaTeX Encoding Info:    Redeclaring text symbol \textleftarrow (encoding TS1) on input line 76.
LaTeX Encoding Info:    Redeclaring text symbol \textrightarrow (encoding TS1) on input line 77.
LaTeX Encoding Info:    Redeclaring text symbol \textblank (encoding TS1) on input line 78.
LaTeX Encoding Info:    Redeclaring text symbol \textdollar (encoding TS1) on input line 79.
LaTeX Encoding Info:    Redeclaring text symbol \textquotesingle (encoding TS1) on input line 80.
LaTeX Encoding Info:    Redeclaring text command \textasteriskcentered (encoding TS1) on input line 81.
LaTeX Encoding Info:    Redeclaring text symbol \textdblhyphen (encoding TS1) on input line 92.
LaTeX Encoding Info:    Redeclaring text symbol \textfractionsolidus (encoding TS1) on input line 93.
LaTeX Encoding Info:    Redeclaring text symbol \textzerooldstyle (encoding TS1) on input line 94.
LaTeX Encoding Info:    Redeclaring text symbol \textoneoldstyle (encoding TS1) on input line 95.
LaTeX Encoding Info:    Redeclaring text symbol \texttwooldstyle (encoding TS1) on input line 96.
LaTeX Encoding Info:    Redeclaring text symbol \textthreeoldstyle (encoding TS1) on input line 97.
LaTeX Encoding Info:    Redeclaring text symbol \textfouroldstyle (encoding TS1) on input line 98.
LaTeX Encoding Info:    Redeclaring text symbol \textfiveoldstyle (encoding TS1) on input line 99.
LaTeX Encoding Info:    Redeclaring text symbol \textsixoldstyle (encoding TS1) on input line 100.
LaTeX Encoding Info:    Redeclaring text symbol \textsevenoldstyle (encoding TS1) on input line 101.
LaTeX Encoding Info:    Redeclaring text symbol \texteightoldstyle (encoding TS1) on input line 102.
LaTeX Encoding Info:    Redeclaring text symbol \textnineoldstyle (encoding TS1) on input line 103.
LaTeX Encoding Info:    Redeclaring text symbol \textlangle (encoding TS1) on input line 104.
LaTeX Encoding Info:    Redeclaring text symbol \textminus (encoding TS1) on input line 105.
LaTeX Encoding Info:    Redeclaring text symbol \textrangle (encoding TS1) on input line 106.
LaTeX Encoding Info:    Redeclaring text symbol \textmho (encoding TS1) on input line 107.
LaTeX Encoding Info:    Redeclaring text symbol \textbigcircle (encoding TS1) on input line 108.
LaTeX Encoding Info:    Redeclaring text command \textcircled (encoding TS1) on input line 109.
LaTeX Encoding Info:    Redeclaring text symbol \textohm (encoding TS1) on input line 115.
LaTeX Encoding Info:    Redeclaring text symbol \textlbrackdbl (encoding TS1) on input line 116.
LaTeX Encoding Info:    Redeclaring text symbol \textrbrackdbl (encoding TS1) on input line 117.
LaTeX Encoding Info:    Redeclaring text symbol \textuparrow (encoding TS1) on input line 118.
LaTeX Encoding Info:    Redeclaring text symbol \textdownarrow (encoding TS1) on input line 119.
LaTeX Encoding Info:    Redeclaring text symbol \textasciigrave (encoding TS1) on input line 120.
LaTeX Encoding Info:    Redeclaring text symbol \textborn (encoding TS1) on input line 121.
LaTeX Encoding Info:    Redeclaring text symbol \textdivorced (encoding TS1) on input line 122.
LaTeX Encoding Info:    Redeclaring text symbol \textdied (encoding TS1) on input line 123.
LaTeX Encoding Info:    Redeclaring text symbol \textleaf (encoding TS1) on input line 124.
LaTeX Encoding Info:    Redeclaring text symbol \textmarried (encoding TS1) on input line 125.
LaTeX Encoding Info:    Redeclaring text symbol \textmusicalnote (encoding TS1) on input line 126.
LaTeX Encoding Info:    Redeclaring text symbol \texttildelow (encoding TS1) on input line 127.
LaTeX Encoding Info:    Redeclaring text symbol \textdblhyphenchar (encoding TS1) on input line 128.
LaTeX Encoding Info:    Redeclaring text symbol \textasciibreve (encoding TS1) on input line 129.
LaTeX Encoding Info:    Redeclaring text symbol \textasciicaron (encoding TS1) on input line 130.
LaTeX Encoding Info:    Redeclaring text symbol \textacutedbl (encoding TS1) on input line 131.
LaTeX Encoding Info:    Redeclaring text symbol \textgravedbl (encoding TS1) on input line 132.
LaTeX Encoding Info:    Redeclaring text symbol \textdagger (encoding TS1) on input line 133.
LaTeX Encoding Info:    Redeclaring text symbol \textdaggerdbl (encoding TS1) on input line 134.
LaTeX Encoding Info:    Redeclaring text symbol \textbardbl (encoding TS1) on input line 135.
LaTeX Encoding Info:    Redeclaring text symbol \textperthousand (encoding TS1) on input line 136.
LaTeX Encoding Info:    Redeclaring text symbol \textbullet (encoding TS1) on input line 137.
LaTeX Encoding Info:    Redeclaring text symbol \textcelsius (encoding TS1) on input line 138.
LaTeX Encoding Info:    Redeclaring text symbol \textdollaroldstyle (encoding TS1) on input line 139.
LaTeX Encoding Info:    Redeclaring text symbol \textcentoldstyle (encoding TS1) on input line 140.
LaTeX Encoding Info:    Redeclaring text symbol \textflorin (encoding TS1) on input line 141.
LaTeX Encoding Info:    Redeclaring text symbol \textcolonmonetary (encoding TS1) on input line 142.
LaTeX Encoding Info:    Redeclaring text symbol \textwon (encoding TS1) on input line 143.
LaTeX Encoding Info:    Redeclaring text symbol \textnaira (encoding TS1) on input line 144.
LaTeX Encoding Info:    Redeclaring text symbol \textguarani (encoding TS1) on input line 145.
LaTeX Encoding Info:    Redeclaring text symbol \textpeso (encoding TS1) on input line 146.
LaTeX Encoding Info:    Redeclaring text symbol \textlira (encoding TS1) on input line 147.
LaTeX Encoding Info:    Redeclaring text symbol \textrecipe (encoding TS1) on input line 148.
LaTeX Encoding Info:    Redeclaring text symbol \textinterrobang (encoding TS1) on input line 149.
LaTeX Encoding Info:    Redeclaring text symbol \textinterrobangdown (encoding TS1) on input line 150.
LaTeX Encoding Info:    Redeclaring text symbol \textdong (encoding TS1) on input line 151.
LaTeX Encoding Info:    Redeclaring text symbol \texttrademark (encoding TS1) on input line 152.
LaTeX Encoding Info:    Redeclaring text symbol \textpertenthousand (encoding TS1) on input line 153.
LaTeX Encoding Info:    Redeclaring text symbol \textpilcrow (encoding TS1) on input line 154.
LaTeX Encoding Info:    Redeclaring text symbol \textbaht (encoding TS1) on input line 155.
LaTeX Encoding Info:    Redeclaring text symbol \textnumero (encoding TS1) on input line 156.
LaTeX Encoding Info:    Redeclaring text symbol \textdiscount (encoding TS1) on input line 157.
LaTeX Encoding Info:    Redeclaring text symbol \textestimated (encoding TS1) on input line 158.
LaTeX Encoding Info:    Redeclaring text symbol \textopenbullet (encoding TS1) on input line 159.
LaTeX Encoding Info:    Redeclaring text symbol \textservicemark (encoding TS1) on input line 160.
LaTeX Encoding Info:    Redeclaring text symbol \textlquill (encoding TS1) on input line 161.
LaTeX Encoding Info:    Redeclaring text symbol \textrquill (encoding TS1) on input line 162.
LaTeX Encoding Info:    Redeclaring text symbol \textcent (encoding TS1) on input line 163.
LaTeX Encoding Info:    Redeclaring text symbol \textsterling (encoding TS1) on input line 164.
LaTeX Encoding Info:    Redeclaring text symbol \textcurrency (encoding TS1) on input line 165.
LaTeX Encoding Info:    Redeclaring text symbol \textyen (encoding TS1) on input line 166.
LaTeX Encoding Info:    Redeclaring text symbol \textbrokenbar (encoding TS1) on input line 167.
LaTeX Encoding Info:    Redeclaring text symbol \textsection (encoding TS1) on input line 168.
LaTeX Encoding Info:    Redeclaring text symbol \textasciidieresis (encoding TS1) on input line 169.
LaTeX Encoding Info:    Redeclaring text symbol \textcopyright (encoding TS1) on input line 170.
LaTeX Encoding Info:    Redeclaring text symbol \textordfeminine (encoding TS1) on input line 171.
LaTeX Encoding Info:    Redeclaring text symbol \textcopyleft (encoding TS1) on input line 172.
LaTeX Encoding Info:    Redeclaring text symbol \textlnot (encoding TS1) on input line 173.
LaTeX Encoding Info:    Redeclaring text symbol \textcircledP (encoding TS1) on input line 174.
LaTeX Encoding Info:    Redeclaring text symbol \textregistered (encoding TS1) on input line 175.
LaTeX Encoding Info:    Redeclaring text symbol \textasciimacron (encoding TS1) on input line 176.
LaTeX Encoding Info:    Redeclaring text symbol \textdegree (encoding TS1) on input line 177.
LaTeX Encoding Info:    Redeclaring text symbol \textpm (encoding TS1) on input line 178.
LaTeX Encoding Info:    Redeclaring text symbol \texttwosuperior (encoding TS1) on input line 179.
LaTeX Encoding Info:    Redeclaring text symbol \textthreesuperior (encoding TS1) on input line 180.
LaTeX Encoding Info:    Redeclaring text symbol \textasciiacute (encoding TS1) on input line 181.
LaTeX Encoding Info:    Redeclaring text symbol \textmu (encoding TS1) on input line 182.
LaTeX Encoding Info:    Redeclaring text symbol \textparagraph (encoding TS1) on input line 183.
LaTeX Encoding Info:    Redeclaring text symbol \textperiodcentered (encoding TS1) on input line 184.
LaTeX Encoding Info:    Redeclaring text symbol \textreferencemark (encoding TS1) on input line 185.
LaTeX Encoding Info:    Redeclaring text symbol \textonesuperior (encoding TS1) on input line 186.
LaTeX Encoding Info:    Redeclaring text symbol \textordmasculine (encoding TS1) on input line 187.
LaTeX Encoding Info:    Redeclaring text symbol \textsurd (encoding TS1) on input line 188.
LaTeX Encoding Info:    Redeclaring text symbol \textonequarter (encoding TS1) on input line 189.
LaTeX Encoding Info:    Redeclaring text symbol \textonehalf (encoding TS1) on input line 190.
LaTeX Encoding Info:    Redeclaring text symbol \textthreequarters (encoding TS1) on input line 191.
LaTeX Encoding Info:    Redeclaring text symbol \texteuro (encoding TS1) on input line 192.
LaTeX Encoding Info:    Redeclaring text symbol \texttimes (encoding TS1) on input line 193.
LaTeX Encoding Info:    Redeclaring text symbol \textdiv (encoding TS1) on input line 194.
))
\g__um_fam_int=\count306
\g__um_fonts_used_int=\count307
\l__um_primecount_int=\count308
\g__um_primekern_muskip=\muskip18
(c:/Users/James-A/AppData/Roaming/TinyTeX/texmf-dist/tex/latex/unicode-math/unicode-math-table.tex))) (c:/Users/James-A/AppData/Roaming/TinyTeX/texmf-dist/tex/latex/lm/lmodern.sty
Package: lmodern 2015/05/01 v1.6.1 Latin Modern Fonts
LaTeX Font Info:    Overwriting symbol font `operators' in version `normal'
(Font)                  OT1/cmr/m/n --> OT1/lmr/m/n on input line 22.
LaTeX Font Info:    Overwriting symbol font `letters' in version `normal'
(Font)                  OML/cmm/m/it --> OML/lmm/m/it on input line 23.
LaTeX Font Info:    Overwriting symbol font `symbols' in version `normal'
(Font)                  OMS/cmsy/m/n --> OMS/lmsy/m/n on input line 24.
LaTeX Font Info:    Overwriting symbol font `largesymbols' in version `normal'
(Font)                  OMX/cmex/m/n --> OMX/lmex/m/n on input line 25.
LaTeX Font Info:    Overwriting symbol font `operators' in version `bold'
(Font)                  OT1/cmr/bx/n --> OT1/lmr/bx/n on input line 26.
LaTeX Font Info:    Overwriting symbol font `letters' in version `bold'
(Font)                  OML/cmm/b/it --> OML/lmm/b/it on input line 27.
LaTeX Font Info:    Overwriting symbol font `symbols' in version `bold'
(Font)                  OMS/cmsy/b/n --> OMS/lmsy/b/n on input line 28.
LaTeX Font Info:    Overwriting symbol font `largesymbols' in version `bold'
(Font)                  OMX/cmex/m/n --> OMX/lmex/m/n on input line 29.
LaTeX Font Info:    Overwriting math alphabet `\mathbf' in version `normal'
(Font)                  OT1/cmr/bx/n --> OT1/lmr/bx/n on input line 31.
LaTeX Font Info:    Overwriting math alphabet `\mathsf' in version `normal'
(Font)                  OT1/cmss/m/n --> OT1/lmss/m/n on input line 32.
LaTeX Font Info:    Overwriting math alphabet `\mathit' in version `normal'
(Font)                  OT1/cmr/m/it --> OT1/lmr/m/it on input line 33.
LaTeX Font Info:    Overwriting math alphabet `\mathtt' in version `normal'
(Font)                  OT1/cmtt/m/n --> OT1/lmtt/m/n on input line 34.
LaTeX Font Info:    Overwriting math alphabet `\mathbf' in version `bold'
(Font)                  OT1/cmr/bx/n --> OT1/lmr/bx/n on input line 35.
LaTeX Font Info:    Overwriting math alphabet `\mathsf' in version `bold'
(Font)                  OT1/cmss/bx/n --> OT1/lmss/bx/n on input line 36.
LaTeX Font Info:    Overwriting math alphabet `\mathit' in version `bold'
(Font)                  OT1/cmr/bx/it --> OT1/lmr/bx/it on input line 37.
LaTeX Font Info:    Overwriting math alphabet `\mathtt' in version `bold'
(Font)                  OT1/cmtt/m/n --> OT1/lmtt/m/n on input line 38.
)

Package fontspec Info: 
(fontspec)             Times New Roman scale = 0.9636317752292291.


Package fontspec Info: 
(fontspec)             Times New Roman scale = 1.


Package fontspec Info: 
(fontspec)             Times New Roman scale = 0.9636317752292291.


Package fontspec Info: 
(fontspec)             Times New Roman scale = 1.


Package fontspec Info: 
(fontspec)             Times New Roman scale = 0.9636317752292291.


Package fontspec Info: 
(fontspec)             Times New Roman scale = 1.


Package fontspec Info: 
(fontspec)             Times New Roman/B scale = 0.9440488363220146.


Package fontspec Info: 
(fontspec)             Times New Roman/B scale = 1.


Package fontspec Info: 
(fontspec)             Times New Roman/B scale = 0.9440488363220146.


Package fontspec Info: 
(fontspec)             Times New Roman/B scale = 1.


Package fontspec Info: 
(fontspec)             Times New Roman/I scale = 1.001914461472678.


Package fontspec Info: 
(fontspec)             Times New Roman/I scale = 1.


Package fontspec Info: 
(fontspec)             Times New Roman/I scale = 1.001914461472678.


Package fontspec Info: 
(fontspec)             Times New Roman/I scale = 1.


Package fontspec Info: 
(fontspec)             Times New Roman/BI scale = 0.9818545443001809.


Package fontspec Info: 
(fontspec)             Times New Roman/BI scale = 1.


Package fontspec Info: 
(fontspec)             Times New Roman/BI scale = 0.9818545443001809.


Package fontspec Info: 
(fontspec)             Times New Roman/BI scale = 1.


Package fontspec Info: 
(fontspec)             Font family 'TimesNewRoman(0)' created for font 'Times
(fontspec)             New Roman' with options
(fontspec)             [Scale=MatchLowercase,Ligatures=TeX,Scale=1].
(fontspec)              
(fontspec)              This font family consists of the following NFSS
(fontspec)             series/shapes:
(fontspec)              
(fontspec)             - 'normal' (m/n) with NFSS spec.: <->s*[1]"Times New
(fontspec)             Roman/OT:script=latn;language=dflt;mapping=tex-text;"
(fontspec)             - 'small caps'  (m/sc) with NFSS spec.: <->s*[1]"Times
(fontspec)             New
(fontspec)             Roman/OT:script=latn;language=dflt;+smcp;mapping=tex-text;"
(fontspec)             - 'bold' (b/n) with NFSS spec.: <->s*[1]"Times New
(fontspec)             Roman/B/OT:script=latn;language=dflt;mapping=tex-text;"
(fontspec)             - 'bold small caps'  (b/sc) with NFSS spec.:
(fontspec)             <->s*[1]"Times New
(fontspec)             Roman/B/OT:script=latn;language=dflt;+smcp;mapping=tex-text;"
(fontspec)             - 'italic' (m/it) with NFSS spec.: <->s*[1]"Times New
(fontspec)             Roman/I/OT:script=latn;language=dflt;mapping=tex-text;"
(fontspec)             - 'italic small caps'  (m/scit) with NFSS spec.:
(fontspec)             <->s*[1]"Times New
(fontspec)             Roman/I/OT:script=latn;language=dflt;+smcp;mapping=tex-text;"
(fontspec)             - 'bold italic' (b/it) with NFSS spec.: <->s*[1]"Times
(fontspec)             New
(fontspec)             Roman/BI/OT:script=latn;language=dflt;mapping=tex-text;"
(fontspec)             - 'bold italic small caps'  (b/scit) with NFSS spec.:
(fontspec)             <->s*[1]"Times New
(fontspec)             Roman/BI/OT:script=latn;language=dflt;+smcp;mapping=tex-text;"

LaTeX Font Info:    Font shape `TU/TimesNewRoman(0)/m/n' will be
(Font)              scaled to size 10.95pt on input line 24.

Package fontspec Info: 
(fontspec)             Times New Roman scale = 0.9999968844149086.


Package fontspec Info: 
(fontspec)             Times New Roman scale = 0.9999968844149086.


Package fontspec Info: 
(fontspec)             Times New Roman scale = 0.9999968844149086.


Package fontspec Info: 
(fontspec)             Times New Roman/B scale = 0.9796749332315911.


Package fontspec Info: 
(fontspec)             Times New Roman/B scale = 0.9796749332315911.


Package fontspec Info: 
(fontspec)             Times New Roman/I scale = 1.039724265718182.


Package fontspec Info: 
(fontspec)             Times New Roman/I scale = 1.039724265718182.


Package fontspec Info: 
(fontspec)             Times New Roman/BI scale = 1.018907336275039.


Package fontspec Info: 
(fontspec)             Times New Roman/BI scale = 1.018907336275039.


Package fontspec Info: 
(fontspec)             Font family 'TimesNewRoman(1)' created for font 'Times
(fontspec)             New Roman' with options [Scale=MatchLowercase].
(fontspec)              
(fontspec)              This font family consists of the following NFSS
(fontspec)             series/shapes:
(fontspec)              
(fontspec)             - 'normal' (m/n) with NFSS spec.:
(fontspec)             <->s*[0.9999968844149086]"Times New
(fontspec)             Roman/OT:script=latn;language=dflt;"
(fontspec)             - 'small caps'  (m/sc) with NFSS spec.:
(fontspec)             <->s*[0.9999968844149086]"Times New
(fontspec)             Roman/OT:script=latn;language=dflt;+smcp;"
(fontspec)             - 'bold' (b/n) with NFSS spec.:
(fontspec)             <->s*[0.9796749332315911]"Times New
(fontspec)             Roman/B/OT:script=latn;language=dflt;"
(fontspec)             - 'bold small caps'  (b/sc) with NFSS spec.:
(fontspec)             <->s*[0.9796749332315911]"Times New
(fontspec)             Roman/B/OT:script=latn;language=dflt;+smcp;"
(fontspec)             - 'italic' (m/it) with NFSS spec.:
(fontspec)             <->s*[1.039724265718182]"Times New
(fontspec)             Roman/I/OT:script=latn;language=dflt;"
(fontspec)             - 'italic small caps'  (m/scit) with NFSS spec.:
(fontspec)             <->s*[1.039724265718182]"Times New
(fontspec)             Roman/I/OT:script=latn;language=dflt;+smcp;"
(fontspec)             - 'bold italic' (b/it) with NFSS spec.:
(fontspec)             <->s*[1.018907336275039]"Times New
(fontspec)             Roman/BI/OT:script=latn;language=dflt;"
(fontspec)             - 'bold italic small caps'  (b/scit) with NFSS spec.:
(fontspec)             <->s*[1.018907336275039]"Times New
(fontspec)             Roman/BI/OT:script=latn;language=dflt;+smcp;"

LaTeX Font Info:    Overwriting math alphabet `\mathrm' in version `normal'
(Font)                  OT1/lmr/m/n --> TU/TimesNewRoman(1)/m/n on input line 24.
LaTeX Font Info:    Overwriting math alphabet `\mathit' in version `normal'
(Font)                  OT1/lmr/m/it --> TU/TimesNewRoman(1)/m/it on input line 24.
LaTeX Font Info:    Overwriting math alphabet `\mathbf' in version `normal'
(Font)                  OT1/lmr/bx/n --> TU/TimesNewRoman(1)/b/n on input line 24.
(c:/Users/James-A/AppData/Roaming/TinyTeX/texmf-dist/tex/latex/fancyvrb/fancyvrb.sty
Package: fancyvrb 2026/04/16 4.6a verbatim text (tvz,hv)
(c:/Users/James-A/AppData/Roaming/TinyTeX/texmf-dist/tex/latex/graphics/keyval.sty
Package: keyval 2022/05/29 v1.15 key=value parser (DPC)
\KV@toks@=\toks22
)
\FV@CodeLineNo=\count309
\FV@InFile=\read2
\FV@TabBox=\box55
\c@FancyVerbLine=\count310
\FV@StepNumber=\count311
\FV@OutFile=\write3
) (c:/Users/James-A/AppData/Roaming/TinyTeX/texmf-dist/tex/latex/framed/framed.sty
Package: framed 2011/10/22 v 0.96: framed or shaded text with page breaks
\OuterFrameSep=\skip54
\fb@frw=\dimen163
\fb@frh=\dimen164
\FrameRule=\dimen165
\FrameSep=\dimen166
) (c:/Users/James-A/AppData/Roaming/TinyTeX/texmf-dist/tex/latex/tools/longtable.sty
Package: longtable 2025-10-13 v4.24 Multi-page Table package (DPC)
\LTleft=\skip55
\LTright=\skip56
\LTpre=\skip57
\LTpost=\skip58
\LTchunksize=\count312
\LTcapwidth=\dimen167
\LT@head=\box56
\LT@firsthead=\box57
\LT@foot=\box58
\LT@lastfoot=\box59
\LT@gbox=\box60
\LT@cols=\count313
\LT@rows=\count314
\c@LT@tables=\count315
\c@LT@chunks=\count316
\LT@p@ftn=\toks23
) (c:/Users/James-A/AppData/Roaming/TinyTeX/texmf-dist/tex/latex/booktabs/booktabs.sty
Package: booktabs 2020/01/12 v1.61803398 Publication quality tables
\heavyrulewidth=\dimen168
\lightrulewidth=\dimen169
\cmidrulewidth=\dimen170
\belowrulesep=\dimen171
\belowbottomsep=\dimen172
\aboverulesep=\dimen173
\abovetopsep=\dimen174
\cmidrulesep=\dimen175
\cmidrulekern=\dimen176
\defaultaddspace=\dimen177
\@cmidla=\count317
\@cmidlb=\count318
\@aboverulesep=\dimen178
\@belowrulesep=\dimen179
\@thisruleclass=\count319
\@lastruleclass=\count320
\@thisrulewidth=\dimen180
) (c:/Users/James-A/AppData/Roaming/TinyTeX/texmf-dist/tex/latex/tools/array.sty
Package: array 2025/09/25 v2.6n Tabular extension package (FMi)
\col@sep=\dimen181
\ar@mcellbox=\box61
\extrarowheight=\dimen182
\NC@list=\toks24
\extratabsurround=\skip59
\backup@length=\skip60
\ar@cellbox=\box62
) (c:/Users/James-A/AppData/Roaming/TinyTeX/texmf-dist/tex/latex/tools/calc.sty
Package: calc 2025/03/01 v4.3b Infix arithmetic (KKT,FJ)
\calc@Acount=\count321
\calc@Bcount=\count322
\calc@Adimen=\dimen183
\calc@Bdimen=\dimen184
\calc@Askip=\skip61
\calc@Bskip=\skip62
LaTeX Info: Redefining \setlength on input line 86.
LaTeX Info: Redefining \addtolength on input line 87.
\calc@Ccount=\count323
\calc@Cskip=\skip63
) (c:/Users/James-A/AppData/Roaming/TinyTeX/texmf-dist/tex/latex/etoolbox/etoolbox.sty
Package: etoolbox 2025/10/02 v2.5m e-TeX tools for LaTeX (JAW)
\etb@tempcnta=\count324
) (c:/Users/James-A/AppData/Roaming/TinyTeX/texmf-dist/tex/latex/mdwtools/footnote.sty
Package: footnote 1997/01/28 1.13 Save footnotes around boxes
\fn@notes=\box63
\fn@width=\dimen185
) (c:/Users/James-A/AppData/Roaming/TinyTeX/texmf-dist/tex/latex/natbib/natbib.sty
Package: natbib 2010/09/13 8.31b (PWD, AO)
\bibhang=\skip64
\bibsep=\skip65
LaTeX Info: Redefining \cite on input line 694.
\c@NAT@ctr=\count325
) (c:/Users/James-A/AppData/Roaming/TinyTeX/texmf-dist/tex/latex/geometry/geometry.sty
Package: geometry 2026/03/07 v6.0 Page Geometry
(c:/Users/James-A/AppData/Roaming/TinyTeX/texmf-dist/tex/generic/iftex/ifvtex.sty
Package: ifvtex 2019/10/25 v1.7 ifvtex legacy package. Use iftex instead.
)
\Gm@cnth=\count326
\Gm@cntv=\count327
\c@Gm@tempcnt=\count328
\Gm@bindingoffset=\dimen186
\Gm@wd@mp=\dimen187
\Gm@odd@mp=\dimen188
\Gm@even@mp=\dimen189
\Gm@layoutwidth=\dimen190
\Gm@layoutheight=\dimen191
\Gm@layouthoffset=\dimen192
\Gm@layoutvoffset=\dimen193
\Gm@dimlist=\toks25
) (c:/Users/James-A/AppData/Roaming/TinyTeX/texmf-dist/tex/latex/fancyhdr/fancyhdr.sty
Package: fancyhdr 2025/02/07 v5.2 Extensive control of page headers and footers
\f@nch@headwidth=\skip66
\f@nch@offset@elh=\skip67
\f@nch@offset@erh=\skip68
\f@nch@offset@olh=\skip69
\f@nch@offset@orh=\skip70
\f@nch@offset@elf=\skip71
\f@nch@offset@erf=\skip72
\f@nch@offset@olf=\skip73
\f@nch@offset@orf=\skip74
\f@nch@height=\skip75
\f@nch@footalignment=\skip76
\f@nch@widthL=\skip77
\f@nch@widthC=\skip78
\f@nch@widthR=\skip79
\@temptokenb=\toks26
) (c:/Users/James-A/AppData/Roaming/TinyTeX/texmf-dist/tex/latex/quotchap/quotchap.sty
Package: quotchap 2020/11/13 v1.3 Decorative Chapter Headings with Quotes
\@quotebox=\box64
) (c:/Users/James-A/AppData/Roaming/TinyTeX/texmf-dist/tex/latex/tcolorbox/tcolorbox.sty
Package: tcolorbox 2025/11/28 version 6.9.0 text color boxes
(c:/Users/James-A/AppData/Roaming/TinyTeX/texmf-dist/tex/latex/pgf/frontendlayer/tikz.sty (c:/Users/James-A/AppData/Roaming/TinyTeX/texmf-dist/tex/latex/pgf/basiclayer/pgf.sty (c:/Users/James-A/AppData/Roaming/TinyTeX/texmf-dist/tex/latex/pgf/utilities/pgfrcs.sty (c:/Users/James-A/AppData/Roaming/TinyTeX/texmf-dist/tex/generic/pgf/utilities/pgfutil-common.tex
\pgfutil@everybye=\toks27
\pgfutil@tempdima=\dimen194
\pgfutil@tempdimb=\dimen195
) (c:/Users/James-A/AppData/Roaming/TinyTeX/texmf-dist/tex/generic/pgf/utilities/pgfutil-latex.def
\pgfutil@abb=\box65
) (c:/Users/James-A/AppData/Roaming/TinyTeX/texmf-dist/tex/generic/pgf/utilities/pgfrcs.code.tex (c:/Users/James-A/AppData/Roaming/TinyTeX/texmf-dist/tex/generic/pgf/pgf.revision.tex)
Package: pgfrcs 2025-08-29 v3.1.11a (3.1.11a)
))
Package: pgf 2025-08-29 v3.1.11a (3.1.11a)
(c:/Users/James-A/AppData/Roaming/TinyTeX/texmf-dist/tex/latex/pgf/basiclayer/pgfcore.sty (c:/Users/James-A/AppData/Roaming/TinyTeX/texmf-dist/tex/latex/graphics/graphicx.sty
Package: graphicx 2024/12/31 v1.2e Enhanced LaTeX Graphics (DPC,SPQR)
(c:/Users/James-A/AppData/Roaming/TinyTeX/texmf-dist/tex/latex/graphics/graphics.sty
Package: graphics 2024/08/06 v1.4g Standard LaTeX Graphics (DPC,SPQR)
(c:/Users/James-A/AppData/Roaming/TinyTeX/texmf-dist/tex/latex/graphics/trig.sty
Package: trig 2023/12/02 v1.11 sin cos tan (DPC)
) (c:/Users/James-A/AppData/Roaming/TinyTeX/texmf-dist/tex/latex/graphics-cfg/graphics.cfg
File: graphics.cfg 2016/06/04 v1.11 sample graphics configuration
)
Package graphics Info: Driver file: xetex.def on input line 106.
)
\Gin@req@height=\dimen196
\Gin@req@width=\dimen197
) (c:/Users/James-A/AppData/Roaming/TinyTeX/texmf-dist/tex/latex/pgf/systemlayer/pgfsys.sty (c:/Users/James-A/AppData/Roaming/TinyTeX/texmf-dist/tex/generic/pgf/systemlayer/pgfsys.code.tex
Package: pgfsys 2025-08-29 v3.1.11a (3.1.11a)
(c:/Users/James-A/AppData/Roaming/TinyTeX/texmf-dist/tex/generic/pgf/utilities/pgfkeys.code.tex
\pgfkeys@pathtoks=\toks28
\pgfkeys@temptoks=\toks29
(c:/Users/James-A/AppData/Roaming/TinyTeX/texmf-dist/tex/generic/pgf/utilities/pgfkeyslibraryfiltered.code.tex
\pgfkeys@tmptoks=\toks30
))
\pgf@x=\dimen198
\pgf@y=\dimen199
\pgf@xa=\dimen256
\pgf@ya=\dimen257
\pgf@xb=\dimen258
\pgf@yb=\dimen259
\pgf@xc=\dimen260
\pgf@yc=\dimen261
\pgf@xd=\dimen262
\pgf@yd=\dimen263
\w@pgf@writea=\write4
\r@pgf@reada=\read3
\c@pgf@counta=\count329
\c@pgf@countb=\count330
\c@pgf@countc=\count331
\c@pgf@countd=\count332
\t@pgf@toka=\toks31
\t@pgf@tokb=\toks32
\t@pgf@tokc=\toks33
\pgf@sys@id@count=\count333
(c:/Users/James-A/AppData/Roaming/TinyTeX/texmf-dist/tex/generic/pgf/systemlayer/pgf.cfg
File: pgf.cfg 2025-08-29 v3.1.11a (3.1.11a)
)
Driver file for pgf: pgfsys-xetex.def
(c:/Users/James-A/AppData/Roaming/TinyTeX/texmf-dist/tex/generic/pgf/systemlayer/pgfsys-xetex.def
File: pgfsys-xetex.def 2025-08-29 v3.1.11a (3.1.11a)
(c:/Users/James-A/AppData/Roaming/TinyTeX/texmf-dist/tex/generic/pgf/systemlayer/pgfsys-dvipdfmx.def
File: pgfsys-dvipdfmx.def 2025-08-29 v3.1.11a (3.1.11a)
(c:/Users/James-A/AppData/Roaming/TinyTeX/texmf-dist/tex/generic/pgf/systemlayer/pgfsys-common-pdf.def
File: pgfsys-common-pdf.def 2025-08-29 v3.1.11a (3.1.11a)
)
\pgfsys@objnum=\count334
))) (c:/Users/James-A/AppData/Roaming/TinyTeX/texmf-dist/tex/generic/pgf/systemlayer/pgfsyssoftpath.code.tex
File: pgfsyssoftpath.code.tex 2025-08-29 v3.1.11a (3.1.11a)
\pgfsyssoftpath@smallbuffer@items=\count335
\pgfsyssoftpath@bigbuffer@items=\count336
) (c:/Users/James-A/AppData/Roaming/TinyTeX/texmf-dist/tex/generic/pgf/systemlayer/pgfsysprotocol.code.tex
File: pgfsysprotocol.code.tex 2025-08-29 v3.1.11a (3.1.11a)
)) (c:/Users/James-A/AppData/Roaming/TinyTeX/texmf-dist/tex/generic/pgf/basiclayer/pgfcore.code.tex
Package: pgfcore 2025-08-29 v3.1.11a (3.1.11a)
(c:/Users/James-A/AppData/Roaming/TinyTeX/texmf-dist/tex/generic/pgf/math/pgfmath.code.tex (c:/Users/James-A/AppData/Roaming/TinyTeX/texmf-dist/tex/generic/pgf/math/pgfmathutil.code.tex) (c:/Users/James-A/AppData/Roaming/TinyTeX/texmf-dist/tex/generic/pgf/math/pgfmathparser.code.tex
\pgfmath@dimen=\dimen264
\pgfmath@count=\count337
\pgfmath@box=\box66
\pgfmath@toks=\toks34
\pgfmath@stack@operand=\toks35
\pgfmath@stack@operation=\toks36
) (c:/Users/James-A/AppData/Roaming/TinyTeX/texmf-dist/tex/generic/pgf/math/pgfmathfunctions.code.tex) (c:/Users/James-A/AppData/Roaming/TinyTeX/texmf-dist/tex/generic/pgf/math/pgfmathfunctions.basic.code.tex) (c:/Users/James-A/AppData/Roaming/TinyTeX/texmf-dist/tex/generic/pgf/math/pgfmathfunctions.trigonometric.code.tex) (c:/Users/James-A/AppData/Roaming/TinyTeX/texmf-dist/tex/generic/pgf/math/pgfmathfunctions.random.code.tex) (c:/Users/James-A/AppData/Roaming/TinyTeX/texmf-dist/tex/generic/pgf/math/pgfmathfunctions.comparison.code.tex) (c:/Users/James-A/AppData/Roaming/TinyTeX/texmf-dist/tex/generic/pgf/math/pgfmathfunctions.base.code.tex) (c:/Users/James-A/AppData/Roaming/TinyTeX/texmf-dist/tex/generic/pgf/math/pgfmathfunctions.round.code.tex) (c:/Users/James-A/AppData/Roaming/TinyTeX/texmf-dist/tex/generic/pgf/math/pgfmathfunctions.misc.code.tex) (c:/Users/James-A/AppData/Roaming/TinyTeX/texmf-dist/tex/generic/pgf/math/pgfmathfunctions.integerarithmetics.code.tex) (c:/Users/James-A/AppData/Roaming/TinyTeX/texmf-dist/tex/generic/pgf/math/pgfmathcalc.code.tex) (c:/Users/James-A/AppData/Roaming/TinyTeX/texmf-dist/tex/generic/pgf/math/pgfmathfloat.code.tex
\c@pgfmathroundto@lastzeros=\count338
)) (c:/Users/James-A/AppData/Roaming/TinyTeX/texmf-dist/tex/generic/pgf/math/pgfint.code.tex) (c:/Users/James-A/AppData/Roaming/TinyTeX/texmf-dist/tex/generic/pgf/basiclayer/pgfcorepoints.code.tex
File: pgfcorepoints.code.tex 2025-08-29 v3.1.11a (3.1.11a)
\pgf@picminx=\dimen265
\pgf@picmaxx=\dimen266
\pgf@picminy=\dimen267
\pgf@picmaxy=\dimen268
\pgf@pathminx=\dimen269
\pgf@pathmaxx=\dimen270
\pgf@pathminy=\dimen271
\pgf@pathmaxy=\dimen272
\pgf@xx=\dimen273
\pgf@xy=\dimen274
\pgf@yx=\dimen275
\pgf@yy=\dimen276
\pgf@zx=\dimen277
\pgf@zy=\dimen278
) (c:/Users/James-A/AppData/Roaming/TinyTeX/texmf-dist/tex/generic/pgf/basiclayer/pgfcorepathconstruct.code.tex
File: pgfcorepathconstruct.code.tex 2025-08-29 v3.1.11a (3.1.11a)
\pgf@path@lastx=\dimen279
\pgf@path@lasty=\dimen280
) (c:/Users/James-A/AppData/Roaming/TinyTeX/texmf-dist/tex/generic/pgf/basiclayer/pgfcorepathusage.code.tex
File: pgfcorepathusage.code.tex 2025-08-29 v3.1.11a (3.1.11a)
\pgf@shorten@end@additional=\dimen281
\pgf@shorten@start@additional=\dimen282
) (c:/Users/James-A/AppData/Roaming/TinyTeX/texmf-dist/tex/generic/pgf/basiclayer/pgfcorescopes.code.tex
File: pgfcorescopes.code.tex 2025-08-29 v3.1.11a (3.1.11a)
\pgfpic=\box67
\pgf@hbox=\box68
\pgf@layerbox@main=\box69
\pgf@picture@serial@count=\count339
) (c:/Users/James-A/AppData/Roaming/TinyTeX/texmf-dist/tex/generic/pgf/basiclayer/pgfcoregraphicstate.code.tex
File: pgfcoregraphicstate.code.tex 2025-08-29 v3.1.11a (3.1.11a)
\pgflinewidth=\dimen283
) (c:/Users/James-A/AppData/Roaming/TinyTeX/texmf-dist/tex/generic/pgf/basiclayer/pgfcoretransformations.code.tex
File: pgfcoretransformations.code.tex 2025-08-29 v3.1.11a (3.1.11a)
\pgf@pt@x=\dimen284
\pgf@pt@y=\dimen285
\pgf@pt@temp=\dimen286
) (c:/Users/James-A/AppData/Roaming/TinyTeX/texmf-dist/tex/generic/pgf/basiclayer/pgfcorequick.code.tex
File: pgfcorequick.code.tex 2025-08-29 v3.1.11a (3.1.11a)
) (c:/Users/James-A/AppData/Roaming/TinyTeX/texmf-dist/tex/generic/pgf/basiclayer/pgfcoreobjects.code.tex
File: pgfcoreobjects.code.tex 2025-08-29 v3.1.11a (3.1.11a)
) (c:/Users/James-A/AppData/Roaming/TinyTeX/texmf-dist/tex/generic/pgf/basiclayer/pgfcorepathprocessing.code.tex
File: pgfcorepathprocessing.code.tex 2025-08-29 v3.1.11a (3.1.11a)
) (c:/Users/James-A/AppData/Roaming/TinyTeX/texmf-dist/tex/generic/pgf/basiclayer/pgfcorearrows.code.tex
File: pgfcorearrows.code.tex 2025-08-29 v3.1.11a (3.1.11a)
\pgfarrowsep=\dimen287
) (c:/Users/James-A/AppData/Roaming/TinyTeX/texmf-dist/tex/generic/pgf/basiclayer/pgfcoreshade.code.tex
File: pgfcoreshade.code.tex 2025-08-29 v3.1.11a (3.1.11a)
\pgf@max=\dimen288
\pgf@sys@shading@range@num=\count340
\pgf@shadingcount=\count341
) (c:/Users/James-A/AppData/Roaming/TinyTeX/texmf-dist/tex/generic/pgf/basiclayer/pgfcoreimage.code.tex
File: pgfcoreimage.code.tex 2025-08-29 v3.1.11a (3.1.11a)
) (c:/Users/James-A/AppData/Roaming/TinyTeX/texmf-dist/tex/generic/pgf/basiclayer/pgfcoreexternal.code.tex
File: pgfcoreexternal.code.tex 2025-08-29 v3.1.11a (3.1.11a)
\pgfexternal@startupbox=\box70
) (c:/Users/James-A/AppData/Roaming/TinyTeX/texmf-dist/tex/generic/pgf/basiclayer/pgfcorelayers.code.tex
File: pgfcorelayers.code.tex 2025-08-29 v3.1.11a (3.1.11a)
) (c:/Users/James-A/AppData/Roaming/TinyTeX/texmf-dist/tex/generic/pgf/basiclayer/pgfcoretransparency.code.tex
File: pgfcoretransparency.code.tex 2025-08-29 v3.1.11a (3.1.11a)
) (c:/Users/James-A/AppData/Roaming/TinyTeX/texmf-dist/tex/generic/pgf/basiclayer/pgfcorepatterns.code.tex
File: pgfcorepatterns.code.tex 2025-08-29 v3.1.11a (3.1.11a)
) (c:/Users/James-A/AppData/Roaming/TinyTeX/texmf-dist/tex/generic/pgf/basiclayer/pgfcorerdf.code.tex
File: pgfcorerdf.code.tex 2025-08-29 v3.1.11a (3.1.11a)
))) (c:/Users/James-A/AppData/Roaming/TinyTeX/texmf-dist/tex/generic/pgf/modules/pgfmoduleshapes.code.tex
File: pgfmoduleshapes.code.tex 2025-08-29 v3.1.11a (3.1.11a)
\pgfnodeparttextbox=\box71
) (c:/Users/James-A/AppData/Roaming/TinyTeX/texmf-dist/tex/generic/pgf/modules/pgfmoduleplot.code.tex
File: pgfmoduleplot.code.tex 2025-08-29 v3.1.11a (3.1.11a)
) (c:/Users/James-A/AppData/Roaming/TinyTeX/texmf-dist/tex/latex/pgf/compatibility/pgfcomp-version-0-65.sty
Package: pgfcomp-version-0-65 2025-08-29 v3.1.11a (3.1.11a)
\pgf@nodesepstart=\dimen289
\pgf@nodesepend=\dimen290
) (c:/Users/James-A/AppData/Roaming/TinyTeX/texmf-dist/tex/latex/pgf/compatibility/pgfcomp-version-1-18.sty
Package: pgfcomp-version-1-18 2025-08-29 v3.1.11a (3.1.11a)
)) (c:/Users/James-A/AppData/Roaming/TinyTeX/texmf-dist/tex/latex/pgf/utilities/pgffor.sty (c:/Users/James-A/AppData/Roaming/TinyTeX/texmf-dist/tex/latex/pgf/utilities/pgfkeys.sty (c:/Users/James-A/AppData/Roaming/TinyTeX/texmf-dist/tex/generic/pgf/utilities/pgfkeys.code.tex)) (c:/Users/James-A/AppData/Roaming/TinyTeX/texmf-dist/tex/latex/pgf/math/pgfmath.sty (c:/Users/James-A/AppData/Roaming/TinyTeX/texmf-dist/tex/generic/pgf/math/pgfmath.code.tex)) (c:/Users/James-A/AppData/Roaming/TinyTeX/texmf-dist/tex/generic/pgf/utilities/pgffor.code.tex
Package: pgffor 2025-08-29 v3.1.11a (3.1.11a)
\pgffor@iter=\dimen291
\pgffor@skip=\dimen292
\pgffor@stack=\toks37
\pgffor@toks=\toks38
)) (c:/Users/James-A/AppData/Roaming/TinyTeX/texmf-dist/tex/generic/pgf/frontendlayer/tikz/tikz.code.tex
Package: tikz 2025-08-29 v3.1.11a (3.1.11a)
(c:/Users/James-A/AppData/Roaming/TinyTeX/texmf-dist/tex/generic/pgf/libraries/pgflibraryplothandlers.code.tex
File: pgflibraryplothandlers.code.tex 2025-08-29 v3.1.11a (3.1.11a)
\pgf@plot@mark@count=\count342
\pgfplotmarksize=\dimen293
)
\tikz@lastx=\dimen294
\tikz@lasty=\dimen295
\tikz@lastxsaved=\dimen296
\tikz@lastysaved=\dimen297
\tikz@lastmovetox=\dimen298
\tikz@lastmovetoy=\dimen299
\tikzleveldistance=\dimen300
\tikzsiblingdistance=\dimen301
\tikz@figbox=\box72
\tikz@figbox@bg=\box73
\tikz@tempbox=\box74
\tikz@tempbox@bg=\box75
\tikztreelevel=\count343
\tikznumberofchildren=\count344
\tikznumberofcurrentchild=\count345
\tikz@fig@count=\count346
(c:/Users/James-A/AppData/Roaming/TinyTeX/texmf-dist/tex/generic/pgf/modules/pgfmodulematrix.code.tex
File: pgfmodulematrix.code.tex 2025-08-29 v3.1.11a (3.1.11a)
\pgfmatrixcurrentrow=\count347
\pgfmatrixcurrentcolumn=\count348
\pgf@matrix@numberofcolumns=\count349
)
\tikz@expandcount=\count350
(c:/Users/James-A/AppData/Roaming/TinyTeX/texmf-dist/tex/generic/pgf/frontendlayer/tikz/libraries/tikzlibrarytopaths.code.tex
File: tikzlibrarytopaths.code.tex 2025-08-29 v3.1.11a (3.1.11a)
))) (c:/Users/James-A/AppData/Roaming/TinyTeX/texmf-dist/tex/latex/tools/verbatim.sty
Package: verbatim 2024-01-22 v1.5x LaTeX2e package for verbatim enhancements
\every@verbatim=\toks39
\verbatim@line=\toks40
\verbatim@in@stream=\read4
) (c:/Users/James-A/AppData/Roaming/TinyTeX/texmf-dist/tex/latex/environ/environ.sty
Package: environ 2014/05/04 v0.3 A new way to define environments
(c:/Users/James-A/AppData/Roaming/TinyTeX/texmf-dist/tex/latex/trimspaces/trimspaces.sty
Package: trimspaces 2009/09/17 v1.1 Trim spaces around a token list
))
\tcb@titlebox=\box76
\tcb@upperbox=\box77
\tcb@lowerbox=\box78
\tcb@phantombox=\box79
\c@tcbbreakpart=\count351
\c@tcblayer=\count352
\c@tcolorbox@number=\count353
\l__tcobox_tmpa_box=\box80
\l__tcobox_tmpa_dim=\dimen302
\tcb@temp=\box81
\tcb@temp=\box82
\tcb@temp=\box83
\tcb@temp=\box84
(c:/Users/James-A/AppData/Roaming/TinyTeX/texmf-dist/tex/latex/tcolorbox/tcbraster.code.tex
Library (tcolorbox): 'tcbraster.code.tex' version '6.9.0'
\c@tcbrastercolumn=\count354
\c@tcbrasterrow=\count355
\c@tcbrasternum=\count356
\c@tcbraster=\count357
) (c:/Users/James-A/AppData/Roaming/TinyTeX/texmf-dist/tex/latex/tcolorbox/tcbskins.code.tex
Library (tcolorbox): 'tcbskins.code.tex' version '6.9.0'
(c:/Users/James-A/AppData/Roaming/TinyTeX/texmf-dist/tex/latex/tikzfill/tikzfill.image.sty
Package: tikzfill.image 2026/04/23 v1.2.0 Image filling library for TikZ
(c:/Users/James-A/AppData/Roaming/TinyTeX/texmf-dist/tex/latex/tikzfill/tikzlibraryfill.image.code.tex
File: tikzlibraryfill.image.code.tex 2026/04/23 v1.2.0 Image filling library
\l__tikzfill_tmpa_dim=\dimen303
\l__tikzfill_tmpb_dim=\dimen304
\l__tikzfill_img_box=\box85
)) (c:/Users/James-A/AppData/Roaming/TinyTeX/texmf-dist/tex/latex/tcolorbox/tcbskinsjigsaw.code.tex
Library (tcolorbox): 'tcbskinsjigsaw.code.tex' version '6.9.0'
)) (c:/Users/James-A/AppData/Roaming/TinyTeX/texmf-dist/tex/latex/tcolorbox/tcbbreakable.code.tex
Library (tcolorbox): 'tcbbreakable.code.tex' version '6.9.0'
(c:/Users/James-A/AppData/Roaming/TinyTeX/texmf-dist/tex/latex/pdfcol/pdfcol.sty
Package: pdfcol 2022-09-21 v1.7 Handle new color stacks for pdfTeX (HO)
(c:/Users/James-A/AppData/Roaming/TinyTeX/texmf-dist/tex/generic/ltxcmds/ltxcmds.sty
Package: ltxcmds 2023-12-04 v1.26 LaTeX kernel commands for general use (HO)
) (c:/Users/James-A/AppData/Roaming/TinyTeX/texmf-dist/tex/generic/infwarerr/infwarerr.sty
Package: infwarerr 2019/12/03 v1.5 Providing info/warning/error messages (HO)
)
Package pdfcol Info: Interface disabled because of missing PDF mode of pdfTeX.
)
Package pdfcol Info: pdfTeX's color stacks are not available.
\tcb@testbox=\box86
\tcb@totalupperbox=\box87
\tcb@totallowerbox=\box88
) (c:/Users/James-A/AppData/Roaming/TinyTeX/texmf-dist/tex/latex/tcolorbox/tcbhooks.code.tex
Library (tcolorbox): 'tcbhooks.code.tex' version '6.9.0'
) (c:/Users/James-A/AppData/Roaming/TinyTeX/texmf-dist/tex/latex/tcolorbox/tcbtheorems.code.tex
Library (tcolorbox): 'tcbtheorems.code.tex' version '6.9.0'
) (c:/Users/James-A/AppData/Roaming/TinyTeX/texmf-dist/tex/latex/tcolorbox/tcbfitting.code.tex
Library (tcolorbox): 'tcbfitting.code.tex' version '6.9.0'
\tcbfitdim=\dimen305
\tcb@lowerfitdim=\dimen306
\tcb@upperfitdim=\dimen307
\tcb@cur@hbadness=\count358
) (c:/Users/James-A/AppData/Roaming/TinyTeX/texmf-dist/tex/latex/tcolorbox/tcblistingsutf8.code.tex
Library (tcolorbox): 'tcblistingsutf8.code.tex' version '6.9.0'
(c:/Users/James-A/AppData/Roaming/TinyTeX/texmf-dist/tex/latex/tcolorbox/tcblistings.code.tex
Library (tcolorbox): 'tcblistings.code.tex' version '6.9.0'
(c:/Users/James-A/AppData/Roaming/TinyTeX/texmf-dist/tex/latex/listings/listings.sty
\lst@mode=\count359
\lst@gtempboxa=\box89
\lst@token=\toks41
\lst@length=\count360
\lst@currlwidth=\dimen308
\lst@column=\count361
\lst@pos=\count362
\lst@lostspace=\dimen309
\lst@width=\dimen310
\lst@newlines=\count363
\lst@lineno=\count364
\lst@maxwidth=\dimen311
(c:/Users/James-A/AppData/Roaming/TinyTeX/texmf-dist/tex/latex/listings/lstpatch.sty
File: lstpatch.sty 2025/11/14 1.11b (Carsten Heinz)
) (c:/Users/James-A/AppData/Roaming/TinyTeX/texmf-dist/tex/latex/listings/lstmisc.sty
File: lstmisc.sty 2025/11/14 1.11b (Carsten Heinz)
\c@lstnumber=\count365
\lst@skipnumbers=\count366
\lst@framebox=\box90
) (c:/Users/James-A/AppData/Roaming/TinyTeX/texmf-dist/tex/latex/listings/listings.cfg
File: listings.cfg 2025/11/14 1.11b listings configuration
))
Package: listings 2025/11/14 1.11b (Carsten Heinz)
==> First Aid for listings.sty no longer applied!
    Expected:
        2024/09/23 1.10c (Carsten Heinz)
    but found:
        2025/11/14 1.11b (Carsten Heinz)
    so I'm assuming it got fixed.
(c:/Users/James-A/AppData/Roaming/TinyTeX/texmf-dist/tex/latex/tcolorbox/tcblistingscore.code.tex
Library (tcolorbox): 'tcblistingscore.code.tex' version '6.9.0'
(c:/Users/James-A/AppData/Roaming/TinyTeX/texmf-dist/tex/latex/tcolorbox/tcbprocessing.code.tex
Library (tcolorbox): 'tcbprocessing.code.tex' version '6.9.0'
)
\c@tcblisting=\count367
))
Package tcolorbox Info: Library `listingsutf8' is compatible with pdftex only. Library `listings` is loaded instead. on input line 29.
) (c:/Users/James-A/AppData/Roaming/TinyTeX/texmf-dist/tex/latex/tcolorbox/tcbexternal.code.tex
Library (tcolorbox): 'tcbexternal.code.tex' version '6.9.0'
) (c:/Users/James-A/AppData/Roaming/TinyTeX/texmf-dist/tex/latex/tcolorbox/tcbmagazine.code.tex
Library (tcolorbox): 'tcbmagazine.code.tex' version '6.9.0'
) (c:/Users/James-A/AppData/Roaming/TinyTeX/texmf-dist/tex/latex/tcolorbox/tcbvignette.code.tex
Library (tcolorbox): 'tcbvignette.code.tex' version '6.9.0'
(c:/Users/James-A/AppData/Roaming/TinyTeX/texmf-dist/tex/generic/pgf/frontendlayer/tikz/libraries/tikzlibraryfadings.code.tex
File: tikzlibraryfadings.code.tex 2025-08-29 v3.1.11a (3.1.11a)
(c:/Users/James-A/AppData/Roaming/TinyTeX/texmf-dist/tex/generic/pgf/libraries/pgflibraryfadings.code.tex
File: pgflibraryfadings.code.tex 2025-08-29 v3.1.11a (3.1.11a)
))) (c:/Users/James-A/AppData/Roaming/TinyTeX/texmf-dist/tex/latex/tcolorbox/tcbposter.code.tex
Library (tcolorbox): 'tcbposter.code.tex' version '6.9.0'
)) (c:/Users/James-A/AppData/Roaming/TinyTeX/texmf-dist/tex/generic/pgf/frontendlayer/tikz/libraries/tikzlibrarypatterns.code.tex
File: tikzlibrarypatterns.code.tex 2025-08-29 v3.1.11a (3.1.11a)
(c:/Users/James-A/AppData/Roaming/TinyTeX/texmf-dist/tex/generic/pgf/libraries/pgflibrarypatterns.code.tex
File: pgflibrarypatterns.code.tex 2025-08-29 v3.1.11a (3.1.11a)
)) (c:/Users/James-A/AppData/Roaming/TinyTeX/texmf-dist/tex/generic/pgf/frontendlayer/tikz/libraries/tikzlibrarydecorations.pathreplacing.code.tex (c:/Users/James-A/AppData/Roaming/TinyTeX/texmf-dist/tex/generic/pgf/frontendlayer/tikz/libraries/tikzlibrarydecorations.code.tex (c:/Users/James-A/AppData/Roaming/TinyTeX/texmf-dist/tex/generic/pgf/modules/pgfmoduledecorations.code.tex
\pgfdecoratedcompleteddistance=\dimen312
\pgfdecoratedremainingdistance=\dimen313
\pgfdecoratedinputsegmentcompleteddistance=\dimen314
\pgfdecoratedinputsegmentremainingdistance=\dimen315
\pgf@decorate@distancetomove=\dimen316
\pgf@decorate@repeatstate=\count368
\pgfdecorationsegmentamplitude=\dimen317
\pgfdecorationsegmentlength=\dimen318
)
\tikz@lib@dec@box=\box91
) (c:/Users/James-A/AppData/Roaming/TinyTeX/texmf-dist/tex/generic/pgf/libraries/decorations/pgflibrarydecorations.pathreplacing.code.tex)) (c:/Users/James-A/AppData/Roaming/TinyTeX/texmf-dist/tex/generic/pgf/frontendlayer/tikz/libraries/tikzlibraryangles.code.tex
File: tikzlibraryangles.code.tex 2025-08-29 v3.1.11a (3.1.11a)
) (c:/Users/James-A/AppData/Roaming/TinyTeX/texmf-dist/tex/generic/pgf/frontendlayer/tikz/libraries/tikzlibraryquotes.code.tex
File: tikzlibraryquotes.code.tex 2025-08-29 v3.1.11a (3.1.11a)
) (c:/Users/James-A/AppData/Roaming/TinyTeX/texmf-dist/tex/latex/titlesec/titlesec.sty
Package: titlesec 2025/01/04 v2.17 Sectioning titles
\ttl@box=\box92
\beforetitleunit=\skip80
\aftertitleunit=\skip81
\ttl@plus=\dimen319
\ttl@minus=\dimen320
\ttl@toksa=\toks42
\titlewidth=\dimen321
\titlewidthlast=\dimen322
\titlewidthfirst=\dimen323
) (c:/Users/James-A/AppData/Roaming/TinyTeX/texmf-dist/tex/latex/caption/caption.sty
Package: caption 2023/08/05 v3.6o Customizing captions (AR)
(c:/Users/James-A/AppData/Roaming/TinyTeX/texmf-dist/tex/latex/caption/caption3.sty
Package: caption3 2023/07/31 v2.4d caption3 kernel (AR)
\caption@tempdima=\dimen324
\captionmargin=\dimen325
\caption@leftmargin=\dimen326
\caption@rightmargin=\dimen327
\caption@width=\dimen328
\caption@indent=\dimen329
\caption@parindent=\dimen330
\caption@hangindent=\dimen331
Package caption Info: Standard document class detected.
)
\c@caption@flags=\count369
\c@continuedfloat=\count370
Package caption Info: listings package is loaded.
Package caption Info: longtable package is loaded.
(c:/Users/James-A/AppData/Roaming/TinyTeX/texmf-dist/tex/latex/caption/ltcaption.sty
Package: ltcaption 2021/01/08 v1.4c longtable captions (AR)
)) (c:/Users/James-A/AppData/Roaming/TinyTeX/texmf-dist/tex/latex/caption/subcaption.sty
Package: subcaption 2023/07/28 v1.6b Sub-captions (AR)
Package caption Info: New subtype `subfigure' on input line 238.
\c@subfigure=\count371
Package caption Info: New subtype `subtable' on input line 238.
\c@subtable=\count372
) (c:/Users/James-A/AppData/Roaming/TinyTeX/texmf-dist/tex/latex/units/units.sty
Package: units 1998/08/04 v0.9b Typesetting units
(c:/Users/James-A/AppData/Roaming/TinyTeX/texmf-dist/tex/latex/base/ifthen.sty
Package: ifthen 2024/03/16 v1.1e Standard LaTeX ifthen package (DPC)
) (c:/Users/James-A/AppData/Roaming/TinyTeX/texmf-dist/tex/latex/units/nicefrac.sty
Package: nicefrac 1998/08/04 v0.9b Nice fractions
\L@UnitsRaiseDisplaystyle=\skip82
\L@UnitsRaiseTextstyle=\skip83
\L@UnitsRaiseScriptstyle=\skip84
)) (c:/Users/James-A/AppData/Roaming/TinyTeX/texmf-dist/tex/latex/psnfss/pifont.sty
Package: pifont 2020/03/25 PSNFSS-v9.3 Pi font support (SPQR) 
LaTeX Font Info:    Trying to load font information for U+pzd on input line 63.
(c:/Users/James-A/AppData/Roaming/TinyTeX/texmf-dist/tex/latex/psnfss/upzd.fd
File: upzd.fd 2001/06/04 font definitions for U/pzd.
)
LaTeX Font Info:    Trying to load font information for U+psy on input line 64.
(c:/Users/James-A/AppData/Roaming/TinyTeX/texmf-dist/tex/latex/psnfss/upsy.fd
File: upsy.fd 2001/06/04 font definitions for U/psy.
)) (c:/Users/James-A/AppData/Roaming/TinyTeX/texmf-dist/tex/generic/nth/nth.sty
Package: nth 2002/02/27
) (c:/Users/James-A/AppData/Roaming/TinyTeX/texmf-dist/tex/latex/mathtools/mathtools.sty
Package: mathtools 2024/10/04 v1.31 mathematical typesetting tools
(c:/Users/James-A/AppData/Roaming/TinyTeX/texmf-dist/tex/latex/mathtools/mhsetup.sty
Package: mhsetup 2021/03/18 v1.4 programming setup (MH)
)

Package mathtools Warning: For best results, please load mathtools *before* 
(mathtools)                unicode-math on input line 127.

\g_MT_multlinerow_int=\count373
\l_MT_multwidth_dim=\dimen332
\origjot=\skip85
\l_MT_shortvdotswithinadjustabove_dim=\dimen333
\l_MT_shortvdotswithinadjustbelow_dim=\dimen334
\l_MT_above_intertext_sep=\dimen335
\l_MT_below_intertext_sep=\dimen336
\l_MT_above_shortintertext_sep=\dimen337
\l_MT_below_shortintertext_sep=\dimen338
\xmathstrut@box=\box93
\xmathstrut@dim=\dimen339
) (c:/Users/James-A/AppData/Roaming/TinyTeX/texmf-dist/tex/latex/dirtytalk/dirtytalk.sty
Package: dirtytalk 2010/11/21 A package making "quoting" easier
(c:/Users/James-A/AppData/Roaming/TinyTeX/texmf-dist/tex/latex/kvoptions/kvoptions.sty
Package: kvoptions 2022-06-15 v3.15 Key value format for package options (HO)
(c:/Users/James-A/AppData/Roaming/TinyTeX/texmf-dist/tex/latex/kvsetkeys/kvsetkeys.sty
Package: kvsetkeys 2022-10-05 v1.19 Key value parser (HO)
))
\c@dirtytalk@qdepth=\count374
) (c:/Users/James-A/AppData/Roaming/TinyTeX/texmf-dist/tex/latex/setspace/setspace.sty
Package: setspace 2022/12/04 v6.7b set line spacing
) (c:/Users/James-A/AppData/Roaming/TinyTeX/texmf-dist/tex/latex/tools/multicol.sty
Package: multicol 2025/10/21 v2.0b multicolumn formatting (FMi)
\c@tracingmulticols=\count375
\mult@box=\box94
\multicol@leftmargin=\dimen340
\c@unbalance=\count376
\c@collectmore=\count377
\doublecol@number=\count378
\multicoltolerance=\count379
\multicolpretolerance=\count380
\full@width=\dimen341
\page@free=\dimen342
\premulticols=\dimen343
\postmulticols=\dimen344
\multicolsep=\skip86
\multicolbaselineskip=\skip87
\partial@page=\box95
\last@line=\box96
\mc@boxedresult=\box97
\maxbalancingoverflow=\dimen345
\mult@rightbox=\box98
\mult@grightbox=\box99
\mult@firstbox=\box100
\mult@gfirstbox=\box101
\@tempa=\box102
\@tempa=\box103
\@tempa=\box104
\@tempa=\box105
\@tempa=\box106
\@tempa=\box107
\@tempa=\box108
\@tempa=\box109
\@tempa=\box110
\@tempa=\box111
\@tempa=\box112
\@tempa=\box113
\@tempa=\box114
\@tempa=\box115
\@tempa=\box116
\@tempa=\box117
\@tempa=\box118
\@tempa=\box119
\@tempa=\box120
\@tempa=\box121
\@tempa=\box122
\@tempa=\box123
\@tempa=\box124
\@tempa=\box125
\@tempa=\box126
\@tempa=\box127
\@tempa=\box128
\@tempa=\box129
\@tempa=\box130
\@tempa=\box131
\@tempa=\box132
\@tempa=\box133
\@tempa=\box134
\@tempa=\box135
\@tempa=\box136
\@tempa=\box137
\c@minrows=\count381
\c@columnbadness=\count382
\c@finalcolumnbadness=\count383
\last@try=\dimen346
\multicolovershoot=\dimen347
\multicolundershoot=\dimen348
\mult@nat@firstbox=\box138
\colbreak@box=\box139
\mc@col@check@num=\count384
\g__mc_curr_col_int=\count385
) (c:/Users/James-A/AppData/Roaming/TinyTeX/texmf-dist/tex/latex/tikzpeople/tikzpeople.sty
Package: tikzpeople 2017/04/22 v0.4 People shaped nodes for Tikz
(c:/Users/James-A/AppData/Roaming/TinyTeX/texmf-dist/tex/generic/pgf/libraries/pgflibraryintersections.code.tex (c:/Users/James-A/AppData/Roaming/TinyTeX/texmf-dist/tex/generic/pgf/libraries/pgflibraryfpu.code.tex)
\pgf@intersect@solutions=\count386
) (c:/Users/James-A/AppData/Roaming/TinyTeX/texmf-dist/tex/generic/pgf/frontendlayer/tikz/libraries/tikzlibrarydecorations.markings.code.tex (c:/Users/James-A/AppData/Roaming/TinyTeX/texmf-dist/tex/generic/pgf/libraries/decorations/pgflibrarydecorations.markings.code.tex)) (c:/Users/James-A/AppData/Roaming/TinyTeX/texmf-dist/tex/generic/pgf/frontendlayer/tikz/libraries/tikzlibrarydecorations.pathmorphing.code.tex (c:/Users/James-A/AppData/Roaming/TinyTeX/texmf-dist/tex/generic/pgf/libraries/decorations/pgflibrarydecorations.pathmorphing.code.tex)) (c:/Users/James-A/AppData/Roaming/TinyTeX/texmf-dist/tex/generic/pgf/frontendlayer/tikz/libraries/tikzlibrarycalc.code.tex
File: tikzlibrarycalc.code.tex 2025-08-29 v3.1.11a (3.1.11a)
) (c:/Users/James-A/AppData/Roaming/TinyTeX/texmf-dist/tex/generic/pgf/frontendlayer/tikz/libraries/tikzlibrarypositioning.code.tex
File: tikzlibrarypositioning.code.tex 2025-08-29 v3.1.11a (3.1.11a)
) (c:/Users/James-A/AppData/Roaming/TinyTeX/texmf-dist/tex/generic/pgf/libraries/pgflibraryarrows.meta.code.tex
File: pgflibraryarrows.meta.code.tex 2025-08-29 v3.1.11a (3.1.11a)
\pgfarrowinset=\dimen349
\pgfarrowlength=\dimen350
\pgfarrowwidth=\dimen351
\pgfarrowlinewidth=\dimen352
)) (c:/Users/James-A/AppData/Roaming/TinyTeX/texmf-dist/tex/latex/hyperref/hyperref.sty
Package: hyperref 2026-04-24 v7.01q Hypertext links for LaTeX
(c:/Users/James-A/AppData/Roaming/TinyTeX/texmf-dist/tex/generic/kvdefinekeys/kvdefinekeys.sty
Package: kvdefinekeys 2019-12-19 v1.6 Define keys (HO)
) (c:/Users/James-A/AppData/Roaming/TinyTeX/texmf-dist/tex/generic/pdfescape/pdfescape.sty
Package: pdfescape 2019/12/09 v1.15 Implements pdfTeX's escape features (HO)
(c:/Users/James-A/AppData/Roaming/TinyTeX/texmf-dist/tex/generic/pdftexcmds/pdftexcmds.sty
Package: pdftexcmds 2020-06-27 v0.33 Utility functions of pdfTeX for LuaTeX (HO)
Package pdftexcmds Info: \pdf@primitive is available.
Package pdftexcmds Info: \pdf@ifprimitive is available.
Package pdftexcmds Info: \pdfdraftmode not found.
)) (c:/Users/James-A/AppData/Roaming/TinyTeX/texmf-dist/tex/latex/hycolor/hycolor.sty
Package: hycolor 2020-01-27 v1.10 Color options for hyperref/bookmark (HO)
) (c:/Users/James-A/AppData/Roaming/TinyTeX/texmf-dist/tex/latex/hyperref/nameref.sty
Package: nameref 2026-01-29 v2.58 Cross-referencing by name of section
(c:/Users/James-A/AppData/Roaming/TinyTeX/texmf-dist/tex/latex/refcount/refcount.sty
Package: refcount 2019/12/15 v3.6 Data extraction from label references (HO)
) (c:/Users/James-A/AppData/Roaming/TinyTeX/texmf-dist/tex/generic/gettitlestring/gettitlestring.sty
Package: gettitlestring 2019/12/15 v1.6 Cleanup title references (HO)
)
\c@section@level=\count387
) (c:/Users/James-A/AppData/Roaming/TinyTeX/texmf-dist/tex/generic/stringenc/stringenc.sty
Package: stringenc 2019/11/29 v1.12 Convert strings between diff. encodings (HO)
)
\@linkdim=\dimen353
\Hy@linkcounter=\count388
\Hy@pagecounter=\count389
(c:/Users/James-A/AppData/Roaming/TinyTeX/texmf-dist/tex/latex/hyperref/pd1enc.def
File: pd1enc.def 2026-04-24 v7.01q Hyperref: PDFDocEncoding definition (HO)
) (c:/Users/James-A/AppData/Roaming/TinyTeX/texmf-dist/tex/generic/intcalc/intcalc.sty
Package: intcalc 2019/12/15 v1.3 Expandable calculations with integers (HO)
)
\Hy@SavedSpaceFactor=\count390
(c:/Users/James-A/AppData/Roaming/TinyTeX/texmf-dist/tex/latex/hyperref/puenc.def
File: puenc.def 2026-04-24 v7.01q Hyperref: PDF Unicode definition (HO)
)
Package hyperref Info: Option `unicode' set `true' on input line 4070.
Package hyperref Info: Hyper figures OFF on input line 4199.
Package hyperref Info: Link nesting OFF on input line 4204.
Package hyperref Info: Hyper index ON on input line 4207.
Package hyperref Info: Plain pages OFF on input line 4214.
Package hyperref Info: Backreferencing OFF on input line 4219.
Package hyperref Info: Implicit mode ON; LaTeX internals redefined.
Package hyperref Info: Bookmarks ON on input line 4466.
\c@Hy@tempcnt=\count391
(c:/Users/James-A/AppData/Roaming/TinyTeX/texmf-dist/tex/latex/url/url.sty
\Urlmuskip=\muskip19
Package: url 2013/09/16  ver 3.4  Verb mode for urls, etc.
)
LaTeX Info: Redefining \url on input line 4805.
\XeTeXLinkMargin=\dimen354
(c:/Users/James-A/AppData/Roaming/TinyTeX/texmf-dist/tex/generic/bitset/bitset.sty
Package: bitset 2019/12/09 v1.3 Handle bit-vector datatype (HO)
(c:/Users/James-A/AppData/Roaming/TinyTeX/texmf-dist/tex/generic/bigintcalc/bigintcalc.sty
Package: bigintcalc 2019/12/15 v1.5 Expandable calculations on big integers (HO)
))
\Fld@menulength=\count392
\Field@Width=\dimen355
\Fld@charsize=\dimen356
Package hyperref Info: Hyper figures OFF on input line 6091.
Package hyperref Info: Link nesting OFF on input line 6096.
Package hyperref Info: Hyper index ON on input line 6099.
Package hyperref Info: backreferencing OFF on input line 6106.
Package hyperref Info: Link coloring OFF on input line 6111.
Package hyperref Info: Link coloring with OCG OFF on input line 6116.
Package hyperref Info: PDF/A mode OFF on input line 6121.
\Hy@abspage=\count393
\c@Item=\count394
\c@Hfootnote=\count395
)
Package hyperref Info: Driver (autodetected): hxetex.
(c:/Users/James-A/AppData/Roaming/TinyTeX/texmf-dist/tex/latex/hyperref/hxetex.def
File: hxetex.def 2026-04-24 v7.01q Hyperref driver for XeTeX
\pdfm@box=\box140
\c@Hy@AnnotLevel=\count396
\HyField@AnnotCount=\count397
\Fld@listcount=\count398
\c@bookmark@seq@number=\count399
(c:/Users/James-A/AppData/Roaming/TinyTeX/texmf-dist/tex/latex/rerunfilecheck/rerunfilecheck.sty
Package: rerunfilecheck 2025-06-21 v1.11 Rerun checks for auxiliary files (HO)
(c:/Users/James-A/AppData/Roaming/TinyTeX/texmf-dist/tex/generic/uniquecounter/uniquecounter.sty
Package: uniquecounter 2019/12/15 v1.4 Provide unlimited unique counter (HO)
)
Package uniquecounter Info: New unique counter `rerunfilecheck' on input line 284.
)
\Hy@SectionHShift=\skip88
) (c:/Users/James-A/AppData/Roaming/TinyTeX/texmf-dist/tex/latex/gensymb/gensymb.sty
Package: gensymb 2022/10/17 v1.0.2 (KJH)
) (c:/Users/James-A/AppData/Roaming/TinyTeX/texmf-dist/tex/latex/tools/tabularx.sty
Package: tabularx 2023/12/11 v2.12a `tabularx' package (DPC)
\TX@col@width=\dimen357
\TX@old@table=\dimen358
\TX@old@col=\dimen359
\TX@target=\dimen360
\TX@delta=\dimen361
\TX@cols=\count400
\TX@ftn=\toks43
) (c:/Users/James-A/AppData/Roaming/TinyTeX/texmf-dist/tex/latex/multirow/multirow.sty
Package: multirow 2024/11/12 v2.9 Span multiple rows of a table
\multirow@colwidth=\skip89
\multirow@cntb=\count401
\multirow@dima=\skip90
\bigstrutjot=\dimen362
) (c:/Users/James-A/AppData/Roaming/TinyTeX/texmf-dist/tex/latex/wrapfig/wrapfig.sty
\wrapoverhang=\dimen363
\WF@size=\dimen364
\c@WF@wrappedlines=\count402
\WF@box=\box141
\WF@everypar=\toks44
Package: wrapfig 2003/01/31  v 3.6
) (c:/Users/James-A/AppData/Roaming/TinyTeX/texmf-dist/tex/latex/exsheets/exsheets.sty
Package: exsheets 2019/09/30 v0.21k Yet another package for the creation of exercise sheets and exams.
\l__exsheets_tmpa_int=\count403
\l__exsheets_tmpb_int=\count404
\l__exsheets_tmpc_int=\count405
\l__exsheets_tmpd_int=\count406
\l__exsheets_tmpe_int=\count407
\g__exsheets_tmpa_int=\count408
\l__exsheets_tmpa_dim=\dimen365
\l__exsheets_tmpb_dim=\dimen366
(c:/Users/James-A/AppData/Roaming/TinyTeX/texmf-dist/tex/latex/l3packages/xtemplate/xtemplate.sty
Package: xtemplate 2025-10-09 L3 Experimental prototype document functions
)
\l__exsheets_variations_int=\count409
\g__exsheets_questions_id_int=\count410
\g__exsheets_questions_used_int=\count411
\l__exsheets_include_random_int=\count412
\l__exsheets_questions_set_int=\count413
\g__exsheets_select_random_int=\count414
\g__exsheets_selection_number_int=\count415
\l__exsheets_counter_ch_int=\count416
\l__exsheets_current_ch_int=\count417
\l__exsheets_counter_sec_int=\count418
\l__exsheets_current_sec_int=\count419
\l_exsheets_counter_qu_int=\count420
\l__exsheets_questions_skip_below_dim=\dimen367
\l__exsheets_solutions_skip_below_dim=\dimen368
\l__exsheets_blank_dim=\dimen369
\l__exsheets_blank_line_increment_dim=\dimen370
\l__exsheets_blank_line_minimum_length_dim=\dimen371
\l__exsheets_blank_box=\box142
(c:/Users/James-A/AppData/Roaming/TinyTeX/texmf-dist/tex/latex/cntformats/cntformats.sty
Package: cntformats 2014/07/20 v0.7 A different way to read counters. (CN)
(c:/Users/James-A/AppData/Roaming/TinyTeX/texmf-dist/tex/latex/cnltx/cnltx-base.sty
Package: cnltx-base 2019/11/01 v0.15 LaTeX tools and documenting facilities (CN)
(c:/Users/James-A/AppData/Roaming/TinyTeX/texmf-dist/tex/latex/pgfopts/pgfopts.sty
Package: pgfopts 2014/07/10 v2.1a LaTeX package options with pgfkeys
\pgfopts@list@add@a@toks=\toks45
\pgfopts@list@add@b@toks=\toks46
)
\c@cnltx@tmpa=\count421
\c@cnltx@tmpb=\count422
\c@cnltx@tmpc=\count423
\cnltx@tmpa@length=\skip91
\cnltx@tmpb@length=\skip92
\cnltx@tmpc@length=\skip93
))
\c@question=\count424
(c:/Users/James-A/AppData/Roaming/TinyTeX/texmf-dist/tex/latex/exsheets/exsheets_headings.def
File: exsheets_headings.def  2019/09/30 v0.21k ExSheets headings object
\l__exsheets_heading_above_dim=\dimen372
\l__exsheets_heading_below_dim=\dimen373
\l__exsheets_heading_main_coffin=\box143
\l__exsheets_heading_pre_coffin=\box144
\l__exsheets_heading_post_coffin=\box145
\l__exsheets_heading_title_coffin=\box146
\l__exsheets_heading_number_coffin=\box147
\l__exsheets_heading_points_coffin=\box148
\l__exsheets_heading_subtitle_coffin=\box149

LaTeX template Info: Declaring template type 'exsheets-heading' taking 5
(template)           argument(s) on line 184.

) (c:/Users/James-A/AppData/Roaming/TinyTeX/texmf-dist/tex/latex/exsheets/exsheets_headings.cfg
File: exsheets_headings.cfg  2019/09/30 v0.21k ExSheets headings instances 
) (c:/Users/James-A/AppData/Roaming/TinyTeX/texmf-dist/tex/latex/tasks/tasks.sty
Package: tasks 2022/01/08 v1.4a lists with columns filled horizontally
\g__tasks_total_items_int=\count425
\l__tasks_columns_int=\count426
\g__tasks_rows_int=\count427
\g__tasks_current_col_num_int=\count428
\g__tasks_current_row_num_int=\count429
\l__tasks_item_columns_int=\count430
\g__tasks_env_int=\count431
\l__tasks_start_int=\count432
\l__tasks_item_indent_dim=\dimen374
\l__tasks_item_default_indent_dim=\dimen375
\l__tasks_item_width_dim=\dimen376
\l__tasks_label_width_dim=\dimen377
\l__tasks_label_default_width_dim=\dimen378
\l__tasks_label_offset_dim=\dimen379
\l__tasks_label_default_offset_dim=\dimen380
\l__tasks_column_sep_dim=\dimen381
\l__tasks_correction_dim=\dimen382
\l__tasks_full_width_dim=\dimen383
\l__tasks_after_item_skip=\skip94
\l__tasks_custom_after_item_skip=\skip95
\l__tasks_before_list_skip=\skip96
\l__tasks_after_list_skip=\skip97
\l__tasks_item_coffin=\box150
\l__tasks_label_coffin=\box151
\c@task=\count433
\l__tasks_tmpa_int=\count434
\l__tasks_tmpb_int=\count435
\l__tasks_tmpa_coffin=\box152
\l__tasks_tmpa_box=\box153

LaTeX template Info: Declaring template type 'tasks' taking 3 argument(s) on
(template)           line 450.

(c:/Users/James-A/AppData/Roaming/TinyTeX/texmf-dist/tex/latex/tasks/tasks.cfg)) (c:/Users/James-A/AppData/Roaming/TinyTeX/texmf-dist/tex/generic/ulem/ulem.sty
\UL@box=\box154
\UL@hyphenbox=\box155
\UL@skip=\skip98
\UL@hook=\toks47
\UL@height=\dimen384
\UL@pe=\count436
\UL@pixel=\dimen385
\ULC@box=\box156
Package: ulem 2019/11/18
\ULdepth=\dimen386
) (c:/Users/James-A/AppData/Roaming/TinyTeX/texmf-dist/tex/latex/translations/translations.sty
Package: translations 2022/02/05 v1.12 internationalization of LaTeX2e packages (CN)
)) (c:/Users/James-A/AppData/Roaming/TinyTeX/texmf-dist/tex/latex/enumitem/enumitem.sty
Package: enumitem 2025/02/06 v3.11 Customized lists
\labelindent=\skip99
\enit@outerparindent=\dimen387
\enit@toks=\toks48
\enit@inbox=\box157
\enit@count@id=\count437
\enitdp@description=\count438
) (c:/Users/James-A/AppData/Roaming/TinyTeX/texmf-dist/tex/latex/tools/bm.sty
Package: bm 2025/10/21 v1.2g Bold Symbol Support (DPC/FMi)
\symboldoperators=\mathgroup6
\symboldletters=\mathgroup7
\symboldsymbols=\mathgroup8
Package bm Info: No bold for \OMX/lmex/m/n, using \pmb.
Package bm Info: No bold for \U/msa/m/n, using \pmb.
Package bm Info: No bold for \U/msb/m/n, using \pmb.
LaTeX Font Info:    Redeclaring math alphabet \mathbf on input line 149.
) (c:/Users/James-A/AppData/Roaming/TinyTeX/texmf-dist/tex/latex/vwcol/vwcol.sty
Package: vwcol 2015/02/10 v0.2 Variable-width multicolumn text
(c:/Users/James-A/AppData/Roaming/TinyTeX/texmf-dist/tex/latex/ragged2e/ragged2e.sty
Package: ragged2e 2023/06/22 v3.6 ragged2e Package
\CenteringLeftskip=\skip100
\RaggedLeftLeftskip=\skip101
\RaggedRightLeftskip=\skip102
\CenteringRightskip=\skip103
\RaggedLeftRightskip=\skip104
\RaggedRightRightskip=\skip105
\CenteringParfillskip=\skip106
\RaggedLeftParfillskip=\skip107
\RaggedRightParfillskip=\skip108
\JustifyingParfillskip=\skip109
\CenteringParindent=\skip110
\RaggedLeftParindent=\skip111
\RaggedRightParindent=\skip112
\JustifyingParindent=\skip113
)
\vwcol@sep=\skip114
\vwcol@rule=\skip115
\vwcol@totalwidth=\skip116
\vwcol@averagewidth=\skip117
\vwcol@parindent=\skip118
\vwcol@last=\count439
\vwcol@Ncols=\count440
\vwcol@Nlines=\count441
\vwcol@maxrecursion=\count442
\vwcol@box=\box158
\vwcol@plainbox=\box159
\vwcol@outputbox=\box160
) (c:/Users/James-A/AppData/Roaming/TinyTeX/texmf-dist/tex/generic/pgf/frontendlayer/tikz/libraries/tikzlibraryshapes.geometric.code.tex
File: tikzlibraryshapes.geometric.code.tex 2025-08-29 v3.1.11a (3.1.11a)
(c:/Users/James-A/AppData/Roaming/TinyTeX/texmf-dist/tex/generic/pgf/libraries/shapes/pgflibraryshapes.geometric.code.tex
File: pgflibraryshapes.geometric.code.tex 2025-08-29 v3.1.11a (3.1.11a)
)) (c:/Users/James-A/AppData/Roaming/TinyTeX/texmf-dist/tex/latex/graphbox/graphbox.sty
Package: graphbox 2025/03/25 v1.1.1 extension for graphicx to adjust containing box
\Gin@box@box=\box161
\Gin@box@width=\skip119
\Gin@box@height=\skip120
\Gin@box@raise=\skip121
\Gin@box@hspace=\skip122
\Gin@box@bwidth=\skip123
\Gin@box@bheight=\skip124
) (c:/Users/James-A/AppData/Roaming/TinyTeX/texmf-dist/tex/latex/float/float.sty
Package: float 2001/11/08 v1.3d Float enhancements (AL)
\c@float@type=\count443
\float@exts=\toks49
\float@box=\box162
\@float@everytoks=\toks50
\@floatcapt=\box163
) (c:/Users/James-A/AppData/Roaming/TinyTeX/texmf-dist/tex/latex/adjustbox/adjustbox.sty
Package: adjustbox 2025/02/26 v1.3c Adjusting TeX boxes (trim, clip, ...)
(c:/Users/James-A/AppData/Roaming/TinyTeX/texmf-dist/tex/latex/xkeyval/xkeyval.sty
Package: xkeyval 2025/11/04 v2.10 package option processing (HA)
(c:/Users/James-A/AppData/Roaming/TinyTeX/texmf-dist/tex/generic/xkeyval/xkeyval.tex (c:/Users/James-A/AppData/Roaming/TinyTeX/texmf-dist/tex/generic/xkeyval/xkvutils.tex
\XKV@toks=\toks51
\XKV@tempa@toks=\toks52
\XKV@tempb@toks=\toks53
)
\XKV@depth=\count444
File: xkeyval.tex 2014/12/03 v2.7a key=value parser (HA)
)) (c:/Users/James-A/AppData/Roaming/TinyTeX/texmf-dist/tex/latex/adjustbox/adjcalc.sty
Package: adjcalc 2012/05/16 v1.1 Provides advanced setlength with multiple back-ends (calc, etex, pgfmath)
) (c:/Users/James-A/AppData/Roaming/TinyTeX/texmf-dist/tex/latex/adjustbox/trimclip.sty
Package: trimclip 2025/02/21 v1.2a Trim and clip general TeX material
(c:/Users/James-A/AppData/Roaming/TinyTeX/texmf-dist/tex/latex/collectbox/collectbox.sty
Package: collectbox 2022/10/17 v0.4c Collect macro arguments as boxes
\collectedbox=\box164
)
\tc@llx=\dimen388
\tc@lly=\dimen389
\tc@urx=\dimen390
\tc@ury=\dimen391
Package trimclip Info: Using driver 'tc-xetex.def'.
(c:/Users/James-A/AppData/Roaming/TinyTeX/texmf-dist/tex/latex/adjustbox/tc-xetex.def
File: tc-xetex.def 2019/01/04 v2.2 Clipping driver for xetex
))
\adjbox@Width=\dimen392
\adjbox@Height=\dimen393
\adjbox@Depth=\dimen394
\adjbox@Totalheight=\dimen395
\adjbox@pwidth=\dimen396
\adjbox@pheight=\dimen397
\adjbox@pdepth=\dimen398
\adjbox@ptotalheight=\dimen399
) (c:/Users/James-A/AppData/Roaming/TinyTeX/texmf-dist/tex/latex/pgfplots/pgfplots.sty (c:/Users/James-A/AppData/Roaming/TinyTeX/texmf-dist/tex/generic/pgfplots/pgfplots.revision.tex)
Package: pgfplots 2025/08/14 v1.18.2 Data Visualization (1.18.2)
(c:/Users/James-A/AppData/Roaming/TinyTeX/texmf-dist/tex/generic/pgfplots/pgfplots.code.tex (c:/Users/James-A/AppData/Roaming/TinyTeX/texmf-dist/tex/generic/pgfplots/pgfplotscore.code.tex
\t@pgfplots@toka=\toks54
\t@pgfplots@tokb=\toks55
\t@pgfplots@tokc=\toks56
\pgfplots@tmpa=\dimen400
\c@pgfplots@coordindex=\count445
\c@pgfplots@scanlineindex=\count446
(c:/Users/James-A/AppData/Roaming/TinyTeX/texmf-dist/tex/generic/pgfplots/sys/pgfplotssysgeneric.code.tex)) (c:/Users/James-A/AppData/Roaming/TinyTeX/texmf-dist/tex/generic/pgfplots/libs/pgfplotslibrary.code.tex) (c:/Users/James-A/AppData/Roaming/TinyTeX/texmf-dist/tex/generic/pgfplots/oldpgfcompatib/pgfplotsoldpgfsupp_loader.code.tex (c:/Users/James-A/AppData/Roaming/TinyTeX/texmf-dist/tex/generic/pgfplots/oldpgfcompatib/pgfplotsoldpgfsupp_pgfutil-common-lists.tex)) (c:/Users/James-A/AppData/Roaming/TinyTeX/texmf-dist/tex/generic/pgfplots/util/pgfplotsutil.code.tex (c:/Users/James-A/AppData/Roaming/TinyTeX/texmf-dist/tex/generic/pgfplots/liststructure/pgfplotsliststructure.code.tex) (c:/Users/James-A/AppData/Roaming/TinyTeX/texmf-dist/tex/generic/pgfplots/liststructure/pgfplotsliststructureext.code.tex) (c:/Users/James-A/AppData/Roaming/TinyTeX/texmf-dist/tex/generic/pgfplots/liststructure/pgfplotsarray.code.tex
\c@pgfplotsarray@tmp=\count447
) (c:/Users/James-A/AppData/Roaming/TinyTeX/texmf-dist/tex/generic/pgfplots/liststructure/pgfplotsmatrix.code.tex) (c:/Users/James-A/AppData/Roaming/TinyTeX/texmf-dist/tex/generic/pgfplots/numtable/pgfplotstableshared.code.tex
\c@pgfplotstable@counta=\count448
\t@pgfplotstable@a=\toks57
) (c:/Users/James-A/AppData/Roaming/TinyTeX/texmf-dist/tex/generic/pgfplots/liststructure/pgfplotsdeque.code.tex) (c:/Users/James-A/AppData/Roaming/TinyTeX/texmf-dist/tex/generic/pgfplots/util/pgfplotsbinary.code.tex (c:/Users/James-A/AppData/Roaming/TinyTeX/texmf-dist/tex/generic/pgfplots/util/pgfplotsbinary.data.code.tex)) (c:/Users/James-A/AppData/Roaming/TinyTeX/texmf-dist/tex/generic/pgfplots/util/pgfplotsutil.verb.code.tex) (c:/Users/James-A/AppData/Roaming/TinyTeX/texmf-dist/tex/generic/pgfplots/libs/pgflibrarypgfplots.surfshading.code.tex
\c@pgfplotslibrarysurf@no=\count449
(c:/Users/James-A/AppData/Roaming/TinyTeX/texmf-dist/tex/generic/pgfplots/sys/pgflibrarypgfplots.surfshading.pgfsys-xetex.def (c:/Users/James-A/AppData/Roaming/TinyTeX/texmf-dist/tex/generic/pgfplots/sys/pgflibrarypgfplots.surfshading.pgfsys-dvipdfmx.def
\c@pgfplotslibrarysurf@streamlen=\count450
)))) (c:/Users/James-A/AppData/Roaming/TinyTeX/texmf-dist/tex/generic/pgfplots/util/pgfplotscolormap.code.tex (c:/Users/James-A/AppData/Roaming/TinyTeX/texmf-dist/tex/generic/pgfplots/util/pgfplotscolor.code.tex)) (c:/Users/James-A/AppData/Roaming/TinyTeX/texmf-dist/tex/generic/pgfplots/pgfplotsstackedplots.code.tex) (c:/Users/James-A/AppData/Roaming/TinyTeX/texmf-dist/tex/generic/pgfplots/pgfplotsplothandlers.code.tex (c:/Users/James-A/AppData/Roaming/TinyTeX/texmf-dist/tex/generic/pgfplots/pgfplotsmeshplothandler.code.tex (c:/Users/James-A/AppData/Roaming/TinyTeX/texmf-dist/tex/generic/pgfplots/pgfplotsmeshplotimage.code.tex))) (c:/Users/James-A/AppData/Roaming/TinyTeX/texmf-dist/tex/generic/pgfplots/pgfplots.scaling.code.tex) (c:/Users/James-A/AppData/Roaming/TinyTeX/texmf-dist/tex/generic/pgfplots/pgfplotscoordprocessing.code.tex) (c:/Users/James-A/AppData/Roaming/TinyTeX/texmf-dist/tex/generic/pgfplots/pgfplots.errorbars.code.tex) (c:/Users/James-A/AppData/Roaming/TinyTeX/texmf-dist/tex/generic/pgfplots/pgfplots.markers.code.tex) (c:/Users/James-A/AppData/Roaming/TinyTeX/texmf-dist/tex/generic/pgfplots/pgfplotsticks.code.tex) (c:/Users/James-A/AppData/Roaming/TinyTeX/texmf-dist/tex/generic/pgfplots/pgfplots.paths.code.tex) (c:/Users/James-A/AppData/Roaming/TinyTeX/texmf-dist/tex/generic/pgfplots/libs/tikzlibrarypgfplots.contourlua.code.tex)
\pgfplots@numplots=\count451
\pgfplots@xmin@reg=\dimen401
\pgfplots@xmax@reg=\dimen402
\pgfplots@ymin@reg=\dimen403
\pgfplots@ymax@reg=\dimen404
\pgfplots@zmin@reg=\dimen405
\pgfplots@zmax@reg=\dimen406
) (c:/Users/James-A/AppData/Roaming/TinyTeX/texmf-dist/tex/generic/pgf/frontendlayer/tikz/libraries/tikzlibraryplotmarks.code.tex
File: tikzlibraryplotmarks.code.tex 2025-08-29 v3.1.11a (3.1.11a)
(c:/Users/James-A/AppData/Roaming/TinyTeX/texmf-dist/tex/generic/pgf/libraries/pgflibraryplotmarks.code.tex
File: pgflibraryplotmarks.code.tex 2025-08-29 v3.1.11a (3.1.11a)
))) (c:/Users/James-A/AppData/Roaming/TinyTeX/texmf-dist/tex/latex/epigraph/epigraph.sty
Package: epigraph 2020/01/02 v1.5e typesetting epigraphs
(c:/Users/James-A/AppData/Roaming/TinyTeX/texmf-dist/tex/latex/nextpage/nextpage.sty
Package: nextpage 2009/09/03 v1.1a additional page commands
)
\beforeepigraphskip=\skip125
\afterepigraphskip=\skip126
\epigraphwidth=\skip127
\epigraphrule=\skip128
) (c:/Users/James-A/AppData/Roaming/TinyTeX/texmf-dist/tex/latex/lineno/lineno.sty
Package: lineno 2026/03/08 line numbers on paragraphs v5.9
\linenopenalty=\count452
\output=\toks58
\linenoprevgraf=\count453
\linenumbersep=\dimen407
\linenumberwidth=\dimen408
\c@linenumber=\count454
\c@pagewiselinenumber=\count455
\c@LN@truepage=\count456
\c@internallinenumber=\count457
\c@internallinenumbers=\count458
\quotelinenumbersep=\dimen409
\bframerule=\dimen410
\bframesep=\dimen411
\bframebox=\box165
\@LN@amsmath@ams@eqpen=\count459
) (c:/Users/James-A/AppData/Roaming/TinyTeX/texmf-dist/tex/latex/graphics/dvipsnam.def
File: dvipsnam.def 2016/06/17 v3.0m Driver-dependent file (DPC,SPQR)
) (c:/Users/James-A/AppData/Roaming/TinyTeX/texmf-dist/tex/latex/bookmark/bookmark.sty
Package: bookmark 2023-12-10 v1.31 PDF bookmarks (HO)
(c:/Users/James-A/AppData/Roaming/TinyTeX/texmf-dist/tex/latex/bookmark/bkm-dvipdfm.def
File: bkm-dvipdfm.def 2023-12-10 v1.31 bookmark driver for dvipdfm (HO)
\BKM@id=\count460
))
Package translations Info: No language package found. I am going to use `english' as default language. on input line 213.
(./_main.aux)
\openout1 = `_main.aux'.

LaTeX Font Info:    Checking defaults for OML/cmm/m/it on input line 213.
LaTeX Font Info:    ... okay on input line 213.
LaTeX Font Info:    Checking defaults for OMS/cmsy/m/n on input line 213.
LaTeX Font Info:    ... okay on input line 213.
LaTeX Font Info:    Checking defaults for OT1/cmr/m/n on input line 213.
LaTeX Font Info:    ... okay on input line 213.
LaTeX Font Info:    Checking defaults for T1/cmr/m/n on input line 213.
LaTeX Font Info:    ... okay on input line 213.
LaTeX Font Info:    Checking defaults for TS1/cmr/m/n on input line 213.
LaTeX Font Info:    ... okay on input line 213.
LaTeX Font Info:    Checking defaults for TU/lmr/m/n on input line 213.
LaTeX Font Info:    ... okay on input line 213.
LaTeX Font Info:    Checking defaults for OMX/cmex/m/n on input line 213.
LaTeX Font Info:    ... okay on input line 213.
LaTeX Font Info:    Checking defaults for U/cmr/m/n on input line 213.
LaTeX Font Info:    ... okay on input line 213.
LaTeX Font Info:    Checking defaults for PD1/pdf/m/n on input line 213.
LaTeX Font Info:    ... okay on input line 213.
LaTeX Font Info:    Checking defaults for PU/pdf/m/n on input line 213.
LaTeX Font Info:    ... okay on input line 213.
LaTeX Font Info:    Overwriting math alphabet `\mathsf' in version `normal'
(Font)                  OT1/lmss/m/n --> TU/lmss/m/n on input line 213.
LaTeX Font Info:    Overwriting math alphabet `\mathsf' in version `bold'
(Font)                  OT1/lmss/bx/n --> TU/lmss/b/n on input line 213.
LaTeX Font Info:    Overwriting math alphabet `\mathtt' in version `normal'
(Font)                  OT1/lmtt/m/n --> TU/lmtt/m/n on input line 213.
LaTeX Font Info:    Overwriting math alphabet `\mathtt' in version `bold'
(Font)                  OT1/lmtt/m/n --> TU/lmtt/b/n on input line 213.

Package fontspec Info: 
(fontspec)             latinmodern-math scale = 1.03015890977869.


Package fontspec Info: 
(fontspec)             latinmodern-math scale = 1.03015890977869.


Package fontspec Info: 
(fontspec)             latinmodern-math scale = 1.03015890977869.


Package fontspec Info: 
(fontspec)             Font family 'latinmodern-math.otf(0)' created for font
(fontspec)             'latinmodern-math.otf' with options
(fontspec)             [Scale=MatchLowercase,BoldItalicFont={},ItalicFont={},SmallCapsFont={},Script=Math,BoldFont={latinmodern-math.otf}].
(fontspec)              
(fontspec)              This font family consists of the following NFSS
(fontspec)             series/shapes:
(fontspec)              
(fontspec)             - 'normal' (m/n) with NFSS spec.:
(fontspec)             <->s*[1.03015890977869]"[latinmodern-math.otf]/OT:script=math;language=dflt;"
(fontspec)             - 'bold' (b/n) with NFSS spec.:
(fontspec)             <->s*[1.03015890977869]"[latinmodern-math.otf]/OT:script=math;language=dflt;"

LaTeX Font Info:    Font shape `TU/latinmodern-math.otf(0)/m/n' will be
(Font)              scaled to size 11.28015pt on input line 213.

Package fontspec Info: 
(fontspec)             latinmodern-math scale = 1.03015890977869.


Package fontspec Info: 
(fontspec)             latinmodern-math scale = 1.03015890977869.


Package fontspec Info: 
(fontspec)             latinmodern-math scale = 1.03015890977869.


Package fontspec Info: 
(fontspec)             latinmodern-math scale = 1.03015890977869.


Package fontspec Info: 
(fontspec)             latinmodern-math scale = 1.03015890977869.


Package fontspec Info: 
(fontspec)             Font family 'latinmodern-math.otf(1)' created for font
(fontspec)             'latinmodern-math.otf' with options
(fontspec)             [Scale=MatchLowercase,BoldItalicFont={},ItalicFont={},SmallCapsFont={},Script=Math,SizeFeatures={{Size=9.3075-},{Size=6.57-9.3075,Font=latinmodern-math.otf,Style=MathScript},{Size=-6.57,Font=latinmodern-math.otf,Style=MathScriptScript}},BoldFont={latinmodern-math.otf}].
(fontspec)              
(fontspec)              This font family consists of the following NFSS
(fontspec)             series/shapes:
(fontspec)              
(fontspec)             - 'normal' (m/n) with NFSS spec.:
(fontspec)             <9.3075->s*[1.03015890977869]"[latinmodern-math.otf]/OT:script=math;language=dflt;"<6.57-9.3075>s*[1.03015890977869]"[latinmodern-math.otf]/OT:script=math;language=dflt;+ssty=0;"<-6.57>s*[1.03015890977869]"[latinmodern-math.otf]/OT:script=math;language=dflt;+ssty=1;"
(fontspec)             - 'bold' (b/n) with NFSS spec.:
(fontspec)             <->s*[1.03015890977869]"[latinmodern-math.otf]/OT:script=math;language=dflt;"

LaTeX Font Info:    Font shape `TU/latinmodern-math.otf(1)/m/n' will be
(Font)              scaled to size 11.28015pt on input line 213.
LaTeX Font Info:    Encoding `OT1' has changed to `TU' for symbol font
(Font)              `operators' in the math version `normal' on input line 213.
LaTeX Font Info:    Overwriting symbol font `operators' in version `normal'
(Font)                  OT1/lmr/m/n --> TU/latinmodern-math.otf(1)/m/n on input line 213.
LaTeX Font Info:    Encoding `OT1' has changed to `TU' for symbol font
(Font)              `operators' in the math version `bold' on input line 213.
LaTeX Font Info:    Overwriting symbol font `operators' in version `bold'
(Font)                  OT1/lmr/bx/n --> TU/latinmodern-math.otf(1)/b/n on input line 213.

Package fontspec Info: 
(fontspec)             latinmodern-math scale = 1.03015890977869.


Package fontspec Info: 
(fontspec)             latinmodern-math scale = 1.030261925669668.


Package fontspec Info: 
(fontspec)             latinmodern-math scale = 1.03015890977869.


Package fontspec Info: 
(fontspec)             latinmodern-math scale = 1.030261925669668.


Package fontspec Info: 
(fontspec)             latinmodern-math scale = 1.03015890977869.


Package fontspec Info: 
(fontspec)             latinmodern-math scale = 1.030261925669668.


Package fontspec Info: 
(fontspec)             latinmodern-math scale = 1.03015890977869.


Package fontspec Info: 
(fontspec)             latinmodern-math scale = 1.030261925669668.


Package fontspec Info: 
(fontspec)             latinmodern-math scale = 1.03015890977869.


Package fontspec Info: 
(fontspec)             latinmodern-math scale = 1.030261925669668.


Package fontspec Info: 
(fontspec)             Font family 'latinmodern-math.otf(2)' created for font
(fontspec)             'latinmodern-math.otf' with options
(fontspec)             [Scale=MatchLowercase,BoldItalicFont={},ItalicFont={},SmallCapsFont={},Script=Math,SizeFeatures={{Size=9.3075-},{Size=6.57-9.3075,Font=latinmodern-math.otf,Style=MathScript},{Size=-6.57,Font=latinmodern-math.otf,Style=MathScriptScript}},BoldFont={latinmodern-math.otf},ScaleAgain=1.0001,FontAdjustment={\fontdimen
(fontspec)             8\font =7.63666pt\relax \fontdimen 9\font
(fontspec)             =4.44438pt\relax \fontdimen 10\font =5.00839pt\relax
(fontspec)             \fontdimen 11\font =7.73819pt\relax \fontdimen 12\font
(fontspec)             =3.89165pt\relax \fontdimen 13\font =4.0947pt\relax
(fontspec)             \fontdimen 14\font =4.0947pt\relax \fontdimen 15\font
(fontspec)             =3.25996pt\relax \fontdimen 16\font =2.7862pt\relax
(fontspec)             \fontdimen 17\font =2.7862pt\relax \fontdimen 18\font
(fontspec)             =2.82004pt\relax \fontdimen 19\font =2.25603pt\relax
(fontspec)             \fontdimen 22\font =2.82004pt\relax \fontdimen 20\font
(fontspec)             =0pt\relax \fontdimen 21\font =0pt\relax }].
(fontspec)              
(fontspec)              This font family consists of the following NFSS
(fontspec)             series/shapes:
(fontspec)              
(fontspec)             - 'normal' (m/n) with NFSS spec.:
(fontspec)             <9.3075->s*[1.030261925669668]"[latinmodern-math.otf]/OT:script=math;language=dflt;"<6.57-9.3075>s*[1.030261925669668]"[latinmodern-math.otf]/OT:script=math;language=dflt;+ssty=0;"<-6.57>s*[1.030261925669668]"[latinmodern-math.otf]/OT:script=math;language=dflt;+ssty=1;"
(fontspec)             - 'bold' (b/n) with NFSS spec.:
(fontspec)             <->s*[1.030261925669668]"[latinmodern-math.otf]/OT:script=math;language=dflt;"

LaTeX Font Info:    Encoding `OMS' has changed to `TU' for symbol font
(Font)              `symbols' in the math version `normal' on input line 213.
LaTeX Font Info:    Overwriting symbol font `symbols' in version `normal'
(Font)                  OMS/lmsy/m/n --> TU/latinmodern-math.otf(2)/m/n on input line 213.
LaTeX Font Info:    Encoding `OMS' has changed to `TU' for symbol font
(Font)              `symbols' in the math version `bold' on input line 213.
LaTeX Font Info:    Overwriting symbol font `symbols' in version `bold'
(Font)                  OMS/lmsy/b/n --> TU/latinmodern-math.otf(2)/b/n on input line 213.

Package fontspec Info: 
(fontspec)             latinmodern-math scale = 1.03015890977869.


Package fontspec Info: 
(fontspec)             latinmodern-math scale = 1.030055893887712.


Package fontspec Info: 
(fontspec)             latinmodern-math scale = 1.03015890977869.


Package fontspec Info: 
(fontspec)             latinmodern-math scale = 1.030055893887712.


Package fontspec Info: 
(fontspec)             latinmodern-math scale = 1.03015890977869.


Package fontspec Info: 
(fontspec)             latinmodern-math scale = 1.030055893887712.


Package fontspec Info: 
(fontspec)             latinmodern-math scale = 1.03015890977869.


Package fontspec Info: 
(fontspec)             latinmodern-math scale = 1.030055893887712.


Package fontspec Info: 
(fontspec)             latinmodern-math scale = 1.03015890977869.


Package fontspec Info: 
(fontspec)             latinmodern-math scale = 1.030055893887712.


Package fontspec Info: 
(fontspec)             Font family 'latinmodern-math.otf(3)' created for font
(fontspec)             'latinmodern-math.otf' with options
(fontspec)             [Scale=MatchLowercase,BoldItalicFont={},ItalicFont={},SmallCapsFont={},Script=Math,SizeFeatures={{Size=9.3075-},{Size=6.57-9.3075,Font=latinmodern-math.otf,Style=MathScript},{Size=-6.57,Font=latinmodern-math.otf,Style=MathScriptScript}},BoldFont={latinmodern-math.otf},ScaleAgain=0.9999,FontAdjustment={\fontdimen
(fontspec)             8\font =0.4512pt\relax \fontdimen 9\font
(fontspec)             =2.25603pt\relax \fontdimen 10\font =1.88379pt\relax
(fontspec)             \fontdimen 11\font =1.25209pt\relax \fontdimen 12\font
(fontspec)             =6.7681pt\relax \fontdimen 13\font =0pt\relax }].
(fontspec)              
(fontspec)              This font family consists of the following NFSS
(fontspec)             series/shapes:
(fontspec)              
(fontspec)             - 'normal' (m/n) with NFSS spec.:
(fontspec)             <9.3075->s*[1.030055893887712]"[latinmodern-math.otf]/OT:script=math;language=dflt;"<6.57-9.3075>s*[1.030055893887712]"[latinmodern-math.otf]/OT:script=math;language=dflt;+ssty=0;"<-6.57>s*[1.030055893887712]"[latinmodern-math.otf]/OT:script=math;language=dflt;+ssty=1;"
(fontspec)             - 'bold' (b/n) with NFSS spec.:
(fontspec)             <->s*[1.030055893887712]"[latinmodern-math.otf]/OT:script=math;language=dflt;"

LaTeX Font Info:    Encoding `OMX' has changed to `TU' for symbol font
(Font)              `largesymbols' in the math version `normal' on input line 213.
LaTeX Font Info:    Overwriting symbol font `largesymbols' in version `normal'
(Font)                  OMX/lmex/m/n --> TU/latinmodern-math.otf(3)/m/n on input line 213.
LaTeX Font Info:    Encoding `OMX' has changed to `TU' for symbol font
(Font)              `largesymbols' in the math version `bold' on input line 213.
LaTeX Font Info:    Overwriting symbol font `largesymbols' in version `bold'
(Font)                  OMX/lmex/m/n --> TU/latinmodern-math.otf(3)/b/n on input line 213.

Package unicode-math Warning: Using \overbracket and \underbracket from
(unicode-math)                `mathtools' package.
(unicode-math)                 
(unicode-math)                 Use \Uoverbracket and \Uunderbracket for
(unicode-math)                original `unicode-math' definition.


Package unicode-math Warning: I'm going to overwrite the following commands
(unicode-math)                from the `mathtools' package: 
(unicode-math)                 
(unicode-math)                     \dblcolon, \coloneqq, \Coloneqq, \eqqcolon.
(unicode-math)                
(unicode-math)                 
(unicode-math)                 Note that since I won't overwrite the other
(unicode-math)                colon-like commands, using them will lead to
(unicode-math)                inconsistencies.

*geometry* driver: auto-detecting
*geometry* detected driver: xetex
*geometry* verbose mode - [ preamble ] result:
* driver: xetex
* paper: <default>
* layout: <same size as paper>
* layoutoffset:(h,v)=(0.0pt,0.0pt)
* modes: includehead twoside 
* h-part:(L,W,R)=(42.67912pt, 528.93675pt, 42.67912pt)
* v-part:(T,H,B)=(28.45274pt, 738.0645pt, 28.45274pt)
* \paperwidth=614.295pt
* \paperheight=794.96999pt
* \textwidth=528.93675pt
* \textheight=706.1907pt
* \oddsidemargin=-29.59087pt
* \evensidemargin=-29.59087pt
* \topmargin=-43.81725pt
* \headheight=12.0pt
* \headsep=19.8738pt
* \topskip=11.0pt
* \footskip=27.46295pt
* \marginparwidth=116.0pt
* \marginparsep=7.0pt
* \columnsep=10.0pt
* \skip\footins=10.0pt plus 4.0pt minus 2.0pt
* \hoffset=0.0pt
* \voffset=0.0pt
* \mag=1000
* \@twocolumnfalse
* \@twosidetrue
* \@mparswitchtrue
* \@reversemarginfalse
* (1in=72.27pt=25.4mm, 1cm=28.453pt)

\c@lstlisting=\count461
Package caption Info: Begin \AtBeginDocument code.
Package caption Info: float package is loaded.
Package caption Info: hyperref package is loaded.
Package caption Info: wrapfig package is loaded.
Package caption Info: End \AtBeginDocument code.
Package hyperref Info: Link coloring OFF on input line 213.
LaTeX Info: Redefining \celsius on input line 213.
Package gensymb Info: Faking symbols for \degree and \celsius on input line 213.

Package gensymb Warning: Not defining \perthousand.

LaTeX Info: Redefining \ohm on input line 213.
Package gensymb Info: Using \upOmega for \ohm on input line 213.

Package gensymb Warning: Not defining \micro.


Package exsheets Info: Loading custom configurations file
(exsheets)             `exsheets_configurations.cfg'.

(c:/Users/James-A/AppData/Roaming/TinyTeX/texmf-dist/tex/latex/exsheets/exsheets_configurations.cfg
File: exsheets_configurations.cfg 
) (c:/Users/James-A/AppData/Roaming/TinyTeX/texmf-dist/tex/latex/translations/translations-basic-dictionary-english.trsl
File: translations-basic-dictionary-english.trsl (english translation file `translations-basic-dictionary')
)
Package translations Info: loading dictionary `translations-basic-dictionary' for `english'. on input line 213.
Package pgfplots notification 'compat/show suggested version=true': you might benefit from \pgfplotsset{compat=1.18} (current compat level: 1.8).

LaTeX Font Info:    Trying to load font information for TU+pbk on input line 217.
LaTeX Font Info:    No file TUpbk.fd. on input line 217.

LaTeX Font Warning: Font shape `TU/pbk/b/n' undefined
(Font)              using `TU/lmr/m/n' instead on input line 217.

(./_main.toc
LaTeX Font Info:    Font shape `TU/latinmodern-math.otf(1)/m/n' will be
(Font)              scaled to size 7.8961pt on input line 2.
LaTeX Font Info:    Font shape `TU/latinmodern-math.otf(1)/m/n' will be
(Font)              scaled to size 5.64008pt on input line 2.
LaTeX Font Info:    Trying to load font information for OML+lmm on input line 2.
(c:/Users/James-A/AppData/Roaming/TinyTeX/texmf-dist/tex/latex/lm/omllmm.fd
File: omllmm.fd 2015/05/01 v1.6.1 Font defs for Latin Modern
)
LaTeX Font Info:    Font shape `TU/latinmodern-math.otf(2)/m/n' will be
(Font)              scaled to size 11.28131pt on input line 2.
LaTeX Font Info:    Font shape `TU/latinmodern-math.otf(2)/m/n' will be
(Font)              scaled to size 7.89691pt on input line 2.
LaTeX Font Info:    Font shape `TU/latinmodern-math.otf(2)/m/n' will be
(Font)              scaled to size 5.64066pt on input line 2.
LaTeX Font Info:    Font shape `TU/latinmodern-math.otf(3)/m/n' will be
(Font)              scaled to size 11.27914pt on input line 2.
LaTeX Font Info:    Font shape `TU/latinmodern-math.otf(3)/m/n' will be
(Font)              scaled to size 7.8954pt on input line 2.
LaTeX Font Info:    Font shape `TU/latinmodern-math.otf(3)/m/n' will be
(Font)              scaled to size 5.63957pt on input line 2.
LaTeX Font Info:    Trying to load font information for U+msa on input line 2.
(c:/Users/James-A/AppData/Roaming/TinyTeX/texmf-dist/tex/latex/amsfonts/umsa.fd
File: umsa.fd 2013/01/14 v3.01 AMS symbols A
)
LaTeX Font Info:    Trying to load font information for U+msb on input line 2.
(c:/Users/James-A/AppData/Roaming/TinyTeX/texmf-dist/tex/latex/amsfonts/umsb.fd
File: umsb.fd 2013/01/14 v3.01 AMS symbols B
)
LaTeX Font Info:    Trying to load font information for OT1+lmr on input line 2.
(c:/Users/James-A/AppData/Roaming/TinyTeX/texmf-dist/tex/latex/lm/ot1lmr.fd
File: ot1lmr.fd 2015/05/01 v1.6.1 Font defs for Latin Modern
)
LaTeX Font Info:    Trying to load font information for OMS+lmsy on input line 2.
(c:/Users/James-A/AppData/Roaming/TinyTeX/texmf-dist/tex/latex/lm/omslmsy.fd
File: omslmsy.fd 2015/05/01 v1.6.1 Font defs for Latin Modern
))
\tf@toc=\write5
\openout5 = `_main.toc'.

[1



]

Package fancyhdr Warning: \headheight is too small (12.0pt): 
(fancyhdr)                Make it at least 13.59999pt, for example:
(fancyhdr)                \setlength{\headheight}{13.59999pt}.
(fancyhdr)                You might also make \topmargin smaller:
(fancyhdr)                \addtolength{\topmargin}{-1.59999pt}.

[2

]
LaTeX Font Info:    Font shape `TU/lmss/m/it' in size <10.95> not available
(Font)              Font shape `TU/lmss/m/sl' tried instead on input line 224.
LaTeX Font Info:    Font shape `TU/lmtt/bx/n' in size <10.95> not available
(Font)              Font shape `TU/lmtt/b/n' tried instead on input line 250.
[1

]
Chapter 1.
[2

]
No file _main.bbl.

Package fancyhdr Warning: \headheight is too small (12.0pt): 
(fancyhdr)                Make it at least 13.59999pt, for example:
(fancyhdr)                \setlength{\headheight}{13.59999pt}.
(fancyhdr)                You might also make \topmargin smaller:
(fancyhdr)                \addtolength{\topmargin}{-1.59999pt}.

[3] (./_main.aux)
 ***********
LaTeX2e <2025-11-01>
L3 programming layer <2026-03-20>
 ***********

LaTeX Font Warning: Some font shapes were not available, defaults substituted.

 ) 
Here is how much of TeX's memory you used:
 54451 strings out of 470015
 1294037 string characters out of 5473615
 1962278 words of memory out of 5000000
 82311 multiletter control sequences out of 15000+600000
 642946 words of font info for 97 fonts, out of 8000000 for 9000
 14 hyphenation exceptions out of 8191
 116i,11n,121p,721b,889s stack positions out of 10000i,1000n,20000p,200000b,200000s

Output written on _main.pdf (5 pages).
